Posición;Flecha [mm];Peralte [mm];Flecha de nivelación [mm];Fl.Niv. Der. [mm];Sobreancho [mm];Alabeo [mm/{0}m];Alineación [mm];Niv. Izq. D1 [mm];Niv. Der. D1 [mm];Markierungen
    4285,500;    0,00;    0,19;    0,00;    0,00;    0,00;    0,23;    0,00;    0,00;    0,00
    4285,750;    0,00;    0,23;    0,00;    0,00;    0,00;    0,26;    0,00;    0,00;    0,00
    4286,000;    0,00;    0,02;    0,00;    0,00;    0,00;    0,23;    0,00;    0,00;    0,00
    4286,250;    0,00;   -0,03;    0,00;    0,00;    0,00;    0,25;    0,00;    0,00;    0,00
    4286,500;    0,00;   -0,09;    0,00;    0,00;    0,00;    0,24;    0,00;    0,00;    0,00
    4286,750;    0,00;   -0,25;    0,00;    0,00;    0,00;    0,16;    0,00;    0,00;    0,00
    4287,000;    0,00;   -0,51;    0,00;    0,00;    0,00;    0,09;    0,00;    0,00;    0,00
    4287,250;    0,00;   -0,59;    0,00;    0,00;    0,00;    0,10;    0,00;    0,00;    0,00
    4287,500;    0,00;   -0,50;    0,00;    0,00;    0,00;    0,04;    0,00;    0,00;    0,00
    4287,750;    0,00;   -0,57;    0,00;    0,00;    0,00;    0,00;    0,00;    0,00;    0,00
    4288,000;    0,00;   -0,53;    0,00;    0,00;    0,00;   -0,06;    0,00;    0,00;    0,00
    4288,250;    0,00;   -0,28;    0,00;    0,00;    0,00;   -0,12;    0,00;    0,00;    0,00
    4288,500;    0,00;   -0,07;    0,00;    0,00;    0,00;   -0,27;    0,00;    0,00;    0,00
    4288,750;    0,00;   -0,09;    0,00;    0,00;    0,00;   -0,34;    0,00;    0,00;    0,00
    4289,000;    0,00;   -0,09;    0,00;    0,00;    0,00;   -0,31;    0,00;    0,00;    0,00
    4289,250;    0,00;   -0,02;    0,00;    0,00;    0,00;   -0,33;    0,00;    0,00;    0,00
    4289,500;    0,00;    0,10;    0,00;    0,00;    0,00;   -0,32;    0,00;    0,00;    0,00
    4289,750;    0,00;    0,10;    0,00;    0,00;    0,00;   -0,25;    0,00;    0,00;    0,00
    4290,000;    0,00;    0,29;    0,00;    0,00;    0,00;   -0,13;    0,00;    0,00;    0,00
    4290,250;    0,00;    0,44;    0,00;    0,00;    0,00;   -0,12;    0,00;    0,00;    0,00
    4290,500;    0,00;    0,42;    0,00;    0,00;    0,00;   -0,13;    0,00;    0,00;    0,00
    4290,750;    0,53;    0,42;    1,09;    3,40;    0,88;   -0,08;    0,14;    1,03;   -0,04
    4291,000;    0,54;    0,41;    1,08;    3,35;    0,88;   -0,02;    0,14;    1,49;    0,01
    4291,250;    0,53;    0,48;    1,08;    3,35;    0,89;    0,01;    0,13;    1,86;    0,04
    4291,500;    0,51;    0,32;    1,08;    3,35;    0,89;    0,07;    0,11;    2,00;    0,05
    4291,750;    0,72;    0,29;    1,13;    3,35;    0,89;    0,18;    0,07;    1,98;    0,04
    4292,000;    0,70;    0,29;    1,28;    3,35;    0,89;    0,22;    0,01;    1,75;    0,02
    4292,250;    0,74;    0,21;    1,38;    3,35;    0,88;    0,16;   -0,05;    1,39;   -0,02
    4292,500;    0,72;    0,15;    1,47;    3,35;    0,89;    0,16;   -0,11;    0,91;   -0,06
    4292,750;    0,74;    0,08;    1,77;    3,35;    0,88;    0,18;   -0,17;    0,40;   -0,11
    4293,000;    0,72;    0,06;    1,91;    3,35;    0,89;    0,08;   -0,22;   -0,07;   -0,15
    4293,250;    0,71;   -0,11;    2,11;    3,35;    0,89;    0,09;   -0,26;   -0,49;   -0,19
    4293,500;    0,74;   -0,24;    2,15;    3,35;    0,88;    0,07;   -0,28;   -0,78;   -0,21
    4293,750;    0,72;   -0,07;    2,15;    3,35;    0,89;    0,07;   -0,29;   -1,00;   -0,22
    4294,000;    0,73;   -0,06;    2,16;    3,35;    0,89;    0,05;   -0,28;   -1,07;   -0,21
    4294,250;    0,70;   -0,07;    2,20;    3,35;    0,89;    0,02;   -0,25;   -1,12;   -0,21
    4294,500;    0,72;    0,08;    2,11;    3,35;    0,88;    0,09;   -0,23;   -1,04;   -0,18
    4294,750;    0,91;    0,02;    2,11;    3,35;    0,89;    0,03;   -0,19;   -1,02;   -0,17
    4295,000;    0,89;    0,07;    2,01;    3,20;    0,88;   -0,07;   -0,16;   -0,89;   -0,14
    4295,250;    0,73;    0,00;    1,91;    3,06;    0,88;   -0,06;   -0,13;   -0,87;   -0,13
    4295,500;    0,70;    0,00;    1,86;    2,91;    0,89;   -0,12;   -0,11;   -0,75;   -0,10
    4295,750;    0,72;    0,01;    1,76;    2,87;    0,88;   -0,16;   -0,07;   -0,74;   -0,09
    4296,000;    0,70;   -0,20;    1,72;    2,86;    0,89;   -0,17;   -0,07;   -0,62;   -0,06
    4296,250;    0,73;   -0,20;    1,52;    2,86;    0,88;   -0,22;   -0,04;   -0,59;   -0,05
    4296,500;    0,71;   -0,02;    1,38;    2,87;    0,89;   -0,22;   -0,04;   -0,45;   -0,03
    4296,750;    0,70;    0,11;    1,23;    2,86;    0,89;   -0,22;   -0,03;   -0,40;   -0,02
    4297,000;    0,72;    0,30;    1,04;    2,87;    0,89;   -0,20;   -0,04;   -0,27;    0,00
    4297,250;    0,74;    0,42;    0,89;    2,86;    0,88;   -0,11;   -0,04;   -0,22;    0,02
    4297,500;    0,74;    0,58;    0,84;    2,71;    0,89;   -0,11;   -0,06;   -0,13;    0,03
    4297,750;    0,69;    0,68;    0,79;    2,67;    0,88;   -0,06;   -0,08;   -0,11;    0,05
    4298,000;    0,73;    0,72;    0,79;    2,67;    0,89;    0,19;   -0,11;   -0,10;    0,06
    4298,250;    0,91;    0,67;    0,79;    2,57;    0,89;    0,37;   -0,15;   -0,12;    0,09
    4298,500;    0,90;    0,61;    0,84;    2,52;    0,88;    0,44;   -0,17;   -0,18;    0,10
    4298,750;    0,92;    0,35;    0,94;    2,52;    0,89;    0,44;   -0,23;   -0,21;    0,14
    4299,000;    0,91;    0,14;    1,13;    2,52;    0,88;    0,35;   -0,24;   -0,29;    0,16
    4299,250;    1,10;   -0,03;    1,53;    2,32;    0,59;    0,25;   -0,30;   -0,29;    0,22
    4299,500;    1,10;   -0,60;    1,77;    2,32;    0,30;    0,17;   -0,29;   -0,34;    0,25
    4299,750;    1,11;   -1,01;    1,77;    2,33;    0,25;    0,10;   -0,34;   -0,30;    0,33
    4300,000;    1,10;   -1,01;    1,57;    2,28;    0,10;    0,09;   -0,30;   -0,30;    0,37
    4300,250;    1,09;   -0,89;    1,12;    2,23;    0,10;   -0,11;   -0,34;   -0,21;    0,45
    4300,500;    0,92;   -0,48;    0,64;    2,23;   -0,05;   -0,27;   -0,28;   -0,16;    0,49
    4300,750;    0,84;   -0,05;    0,25;    2,03;   -0,30;   -0,36;   -0,29;   -0,04;    0,57
    4301,000;    0,71;    0,20;    0,06;    1,98;   -0,54;   -0,58;   -0,21;    0,04;    0,60
    4301,250;    0,71;    0,37;   -0,03;    1,98;   -0,55;   -0,73;   -0,20;    0,17;    0,66
    4301,500;    0,53;    0,33;   -0,23;    1,88;   -0,50;   -0,75;   -0,11;    0,26;    0,68
    4301,750;    0,53;    0,67;   -0,28;    1,79;   -0,40;   -0,68;   -0,08;    0,37;    0,71
    4302,000;    0,51;    0,94;   -0,38;    1,79;   -0,35;   -0,55;    0,01;    0,46;    0,70
    4302,250;    0,51;    1,05;   -0,42;    1,79;   -0,30;   -0,40;    0,06;    0,54;    0,69
    4302,500;    0,32;    1,14;   -0,38;    1,79;   -0,25;   -0,31;    0,14;    0,60;    0,65
    4302,750;    0,32;    1,17;   -0,18;    1,79;   -0,25;   -0,27;    0,20;    0,65;    0,60
    4303,000;    0,14;    1,25;   -0,04;    1,79;   -0,20;   -0,33;    0,26;    0,67;    0,54
    4303,250;    0,12;    1,16;    0,11;    1,84;   -0,20;   -0,25;    0,33;    0,67;    0,46
    4303,500;    0,14;    1,16;    0,20;    2,03;   -0,20;   -0,16;    0,35;    0,65;    0,38
    4303,750;   -0,04;    1,16;    0,25;    2,22;   -0,20;   -0,12;    0,41;    0,62;    0,27
    4304,000;   -0,07;    1,14;    0,26;    2,47;   -0,20;   -0,11;    0,41;    0,55;    0,18
    4304,250;   -0,07;    1,17;    0,20;    2,67;   -0,20;   -0,11;    0,45;    0,49;    0,08
    4304,500;   -0,04;    1,32;    0,16;    2,76;   -0,20;    0,03;    0,42;    0,40;   -0,01
    4304,750;   -0,06;    1,41;    0,11;    3,06;   -0,20;   -0,01;    0,45;    0,33;   -0,11
    4305,000;   -0,04;    1,44;    0,15;    3,20;   -0,20;   -0,01;    0,39;    0,22;   -0,18
    4305,250;   -0,06;    1,42;    0,21;    3,30;   -0,20;    0,03;    0,39;    0,17;   -0,26
    4305,500;   -0,06;    1,48;    0,36;    3,30;   -0,20;    0,02;    0,32;    0,05;   -0,30
    4305,750;   -0,06;    1,49;    0,50;    3,30;   -0,20;    0,04;    0,30;    0,02;   -0,36
    4306,000;    0,13;    1,15;    0,69;    3,15;   -0,20;    0,08;    0,23;   -0,09;   -0,39
    4306,250;    0,14;    1,19;    0,89;    3,16;   -0,20;    0,13;    0,19;   -0,11;   -0,42
    4306,500;    0,35;    1,18;    1,04;    3,15;   -0,20;    0,13;    0,13;   -0,21;   -0,43
    4306,750;    0,52;    1,08;    0,89;    3,15;   -0,20;    0,07;    0,08;   -0,23;   -0,45
    4307,000;    0,71;    1,09;    0,94;    3,15;   -0,20;    0,10;    0,04;   -0,33;   -0,46
    4307,250;    0,70;    1,04;    0,98;    3,15;   -0,20;    0,11;   -0,01;   -0,36;   -0,48
    4307,500;    0,72;    1,09;    0,99;    3,15;   -0,20;    0,02;   -0,04;   -0,47;   -0,49
    4307,750;    0,72;    1,02;    0,99;    3,15;   -0,20;    0,04;   -0,09;   -0,53;   -0,52
    4308,000;    0,70;    1,04;    0,98;    3,15;   -0,20;    0,11;   -0,10;   -0,64;   -0,54
    4308,250;    0,71;    1,22;    1,04;    3,15;   -0,20;    0,11;   -0,13;   -0,73;   -0,58
    4308,500;    0,71;    1,18;    1,13;    3,16;   -0,20;    0,09;   -0,13;   -0,83;   -0,62
    4308,750;    0,71;    1,16;    1,23;    3,15;   -0,15;    0,10;   -0,15;   -0,95;   -0,67
    4309,000;    0,71;    1,10;    1,28;    3,15;   -0,15;    0,14;   -0,14;   -1,04;   -0,72
    4309,250;    0,72;    1,07;    1,33;    3,16;   -0,15;    0,12;   -0,14;   -1,16;   -0,77
    4309,500;    0,71;    0,86;    1,33;    3,15;   -0,15;    0,13;   -0,14;   -1,20;   -0,81
    4309,750;    0,73;    0,76;    1,23;    3,16;   -0,15;    0,22;   -0,11;   -1,29;   -0,86
    4310,000;    0,73;    0,83;    1,13;    3,15;   -0,15;    0,26;   -0,12;   -1,27;   -0,87
    4310,250;    0,53;    0,75;    1,13;    3,16;   -0,15;    0,19;   -0,08;   -1,29;   -0,88
    4310,500;    0,53;    0,68;    0,99;    3,15;   -0,15;    0,19;   -0,10;   -1,19;   -0,86
    4310,750;    0,53;    0,66;    0,89;    3,15;   -0,15;    0,15;   -0,05;   -1,13;   -0,82
    4311,000;    0,52;    0,67;    0,60;    2,96;   -0,15;   -0,05;   -0,08;   -0,92;   -0,75
    4311,250;    0,52;    0,57;    0,35;    2,62;   -0,15;   -0,17;   -0,02;   -0,76;   -0,64
    4311,500;    0,50;    0,40;    0,01;    2,33;   -0,15;   -0,16;   -0,06;   -0,48;   -0,52
    4311,750;    0,55;    0,58;   -0,38;    2,08;   -0,15;   -0,19;   -0,01;   -0,22;   -0,36
    4312,000;    0,50;    0,54;   -0,82;    1,84;   -0,15;   -0,29;   -0,04;    0,13;   -0,19
    4312,250;    0,54;    0,62;   -1,36;    1,59;   -0,15;   -0,36;    0,00;    0,45;    0,02
    4312,500;    0,35;    1,02;   -1,94;    1,30;   -0,15;   -0,33;   -0,02;    0,82;    0,21
    4312,750;    0,33;    1,26;   -2,33;    0,96;   -0,15;   -0,37;   -0,01;    1,16;    0,43
    4313,000;    0,32;    1,31;   -2,67;    0,67;   -0,15;   -0,48;   -0,01;    1,51;    0,64
    4313,250;    0,35;    1,32;   -3,01;    0,42;   -0,15;   -0,45;   -0,02;    1,82;    0,84
    4313,500;    0,32;    1,56;   -3,31;    0,28;   -0,15;   -0,48;   -0,01;    2,10;    1,02
    4313,750;    0,32;    1,74;   -3,40;    0,23;   -0,15;   -0,44;   -0,04;    2,33;    1,18
    4314,000;    0,32;    1,66;   -3,50;    0,13;   -0,15;   -0,36;   -0,01;    2,51;    1,30
    4314,250;    0,32;    1,69;   -3,70;    0,13;   -0,15;   -0,26;   -0,06;    2,63;    1,40
    4314,500;    0,36;    1,86;   -3,74;    0,13;   -0,15;   -0,22;   -0,02;    2,69;    1,45
    4314,750;    0,34;    1,94;   -3,70;    0,13;   -0,15;   -0,19;   -0,09;    2,68;    1,46
    4315,000;    0,32;    1,97;   -3,45;    0,13;   -0,15;   -0,04;   -0,04;    2,61;    1,43
    4315,250;    0,34;    1,94;   -3,26;    0,13;   -0,15;    0,06;   -0,11;    2,47;    1,36
    4315,500;    0,34;    2,10;   -2,97;    0,13;   -0,15;    0,13;   -0,07;    2,30;    1,26
    4315,750;    0,31;    2,05;   -2,52;    0,34;   -0,15;    0,14;   -0,13;    2,06;    1,13
    4316,000;    0,32;    1,99;   -2,09;    0,52;   -0,15;    0,24;   -0,09;    1,81;    0,97
    4316,250;    0,33;    1,90;   -1,54;    0,86;   -0,15;    0,43;   -0,13;    1,51;    0,79
    4316,500;    0,33;    1,68;   -0,91;    1,30;   -0,15;    0,48;   -0,11;    1,23;    0,60
    4316,750;    0,32;    1,56;   -0,23;    1,76;   -0,15;    0,47;   -0,12;    0,90;    0,41
    4317,000;    0,32;    1,28;    0,35;    2,28;   -0,15;    0,49;   -0,11;    0,62;    0,21
    4317,250;    0,34;    1,27;    1,09;    2,76;   -0,15;    0,41;   -0,08;    0,31;    0,02
    4317,500;    0,14;    1,12;    1,76;    3,06;   -0,15;    0,31;   -0,09;    0,05;   -0,15
    4317,750;    0,14;    0,65;    2,11;    3,35;   -0,15;    0,18;   -0,03;   -0,21;   -0,31
    4318,000;    0,33;    0,53;    2,35;    3,50;   -0,15;    0,12;   -0,04;   -0,42;   -0,45
    4318,250;    0,12;    0,53;    2,40;    3,54;   -0,15;    0,14;    0,05;   -0,62;   -0,56
    4318,500;    0,14;    0,63;    2,40;    3,59;   -0,15;    0,00;    0,03;   -0,78;   -0,67
    4318,750;    0,12;    0,81;    2,45;    3,74;   -0,15;   -0,05;    0,13;   -0,92;   -0,73
    4319,000;    0,13;    1,04;    2,60;    3,74;   -0,15;   -0,10;    0,13;   -1,03;   -0,79
    4319,250;   -0,07;    1,35;    2,69;    3,64;   -0,15;   -0,17;    0,22;   -1,10;   -0,82
    4319,500;   -0,05;    1,30;    2,84;    3,64;   -0,15;   -0,25;    0,22;   -1,18;   -0,85
    4319,750;   -0,24;    1,15;    2,99;    3,59;   -0,15;   -0,28;    0,29;   -1,21;   -0,86
    4320,000;   -0,25;    1,28;    2,98;    3,59;   -0,15;   -0,20;    0,30;   -1,26;   -0,87
    4320,250;   -0,25;    1,41;    3,08;    3,59;   -0,15;   -0,12;    0,32;   -1,25;   -0,86
    4320,500;   -0,24;    1,41;    3,08;    3,60;   -0,15;   -0,04;    0,34;   -1,29;   -0,86
    4320,750;   -0,24;    1,17;    3,09;    3,60;   -0,15;    0,05;    0,31;   -1,26;   -0,85
    4321,000;   -0,25;    1,27;    3,04;    3,59;   -0,15;    0,03;    0,34;   -1,29;   -0,84
    4321,250;   -0,23;    1,37;    3,04;    3,59;   -0,15;    0,01;    0,24;   -1,25;   -0,83
    4321,500;   -0,44;    1,22;    2,89;    3,59;   -0,15;    0,08;    0,27;   -1,26;   -0,81
    4321,750;   -0,42;    1,16;    2,69;    3,59;   -0,15;    0,13;    0,13;   -1,21;   -0,81
    4322,000;   -0,44;    1,16;    2,60;    3,55;   -0,15;    0,10;    0,15;   -1,20;   -0,78
    4322,250;    0,63;    1,21;    2,30;    3,40;   -0,15;    0,07;   -0,01;   -1,14;   -0,77
    4322,500;    0,63;    1,20;    2,10;    3,20;   -0,15;    0,13;   -0,01;   -1,11;   -0,72
    4322,750;    0,63;    1,12;    1,77;    3,06;   -0,15;    0,18;   -0,17;   -1,03;   -0,70
    4323,000;    0,65;    1,05;    1,53;    2,76;   -0,15;    0,12;   -0,18;   -0,98;   -0,63
    4323,250;    0,63;    1,03;    1,47;    2,52;   -0,15;    0,07;   -0,32;   -0,89;   -0,57
    4323,500;    0,65;    1,11;    1,38;    2,23;   -0,15;    0,07;   -0,34;   -0,82;   -0,48
    4323,750;    0,61;    0,95;    1,08;    1,98;   -0,15;    0,18;   -0,43;   -0,72;   -0,40
    4324,000;    0,64;    0,87;    0,70;    1,74;   -0,15;    0,17;   -0,46;   -0,62;   -0,28
    4324,250;    0,63;    0,82;    0,59;    1,60;   -0,15;    0,13;   -0,48;   -0,52;   -0,17
    4324,500;    0,64;    0,85;    0,45;    1,40;   -0,15;    0,22;   -0,52;   -0,42;   -0,04
    4324,750;    0,61;    0,94;    0,21;    1,25;   -0,15;    0,25;   -0,47;   -0,32;    0,08
    4325,000;    0,63;    0,94;    0,06;    1,10;   -0,15;    0,23;   -0,50;   -0,21;    0,21
    4325,250;    0,61;    0,67;   -0,04;    0,91;   -0,15;    0,20;   -0,40;   -0,13;    0,34
    4325,500;    0,65;    0,70;   -0,04;    0,86;   -0,15;    0,22;   -0,42;   -0,03;    0,45
    4325,750;    0,62;    0,73;   -0,03;    0,86;   -0,15;    0,10;   -0,28;    0,03;    0,56
    4326,000;    0,61;    0,38;   -0,04;    0,81;   -0,15;    0,04;   -0,29;    0,11;    0,64
    4326,250;    0,63;    0,28;    0,06;    0,76;   -0,15;    0,08;   -0,12;    0,15;    0,72
    4326,500;    0,63;    0,42;    0,11;    0,77;   -0,15;    0,06;   -0,12;    0,20;    0,77
    4326,750;   -0,44;    0,37;    0,11;    0,76;   -0,15;   -0,11;    0,03;    0,23;    0,81
    4327,000;   -0,43;    0,19;    0,06;    0,77;   -0,15;   -0,13;    0,05;    0,26;    0,81
    4327,250;   -0,43;    0,51;    0,01;    0,77;   -0,15;   -0,06;    0,17;    0,26;    0,81
    4327,500;   -0,44;    0,72;    0,01;    0,76;   -0,15;   -0,19;    0,19;    0,27;    0,78
    4327,750;   -0,43;    0,70;   -0,04;    0,77;   -0,15;   -0,25;    0,27;    0,26;    0,74
    4328,000;   -0,43;    0,78;   -0,09;    0,91;   -0,15;   -0,16;    0,30;    0,26;    0,68
    4328,250;   -0,43;    1,00;   -0,04;    1,15;   -0,15;   -0,18;    0,32;    0,24;    0,62
    4328,500;   -0,42;    1,08;    0,01;    1,25;   -0,15;   -0,24;    0,35;    0,24;    0,56
    4328,750;   -0,44;    0,91;    0,11;    1,40;   -0,15;   -0,13;    0,33;    0,22;    0,49
    4329,000;   -0,43;    0,94;    0,21;    1,54;   -0,15;   -0,04;    0,36;    0,22;    0,44
    4329,250;   -0,25;    1,02;    0,35;    1,65;   -0,15;   -0,02;    0,30;    0,20;    0,38
    4329,500;   -0,26;    0,91;    0,45;    1,74;   -0,15;   -0,02;    0,32;    0,20;    0,34
    4329,750;   -0,23;    0,92;    0,55;    1,83;   -0,15;    0,09;    0,25;    0,19;    0,30
    4330,000;   -0,24;    0,92;    0,60;    1,88;   -0,15;    0,17;    0,27;    0,21;    0,29
    4330,250;   -0,25;    0,89;    0,69;    1,98;   -0,15;    0,11;    0,20;    0,21;    0,28
    4330,500;   -0,26;    0,83;    0,69;    1,98;   -0,15;    0,11;    0,20;    0,23;    0,30
    4330,750;   -0,24;    0,76;    0,69;    1,98;   -0,15;    0,18;    0,15;    0,24;    0,31
    4331,000;   -0,07;    0,83;    0,70;    2,03;   -0,15;    0,13;    0,14;    0,27;    0,34
    4331,250;   -0,05;    0,72;    0,64;    2,03;   -0,15;    0,07;    0,12;    0,29;    0,38
    4331,500;   -0,04;    0,58;    0,59;    2,03;   -0,15;    0,07;    0,10;    0,32;    0,41
    4331,750;   -0,07;    0,58;    0,53;    2,03;   -0,15;    0,12;    0,11;    0,34;    0,45
    4332,000;    0,14;    0,60;    0,49;    2,03;   -0,15;    0,03;    0,08;    0,37;    0,47
    4332,250;    0,12;    0,50;    0,45;    2,03;   -0,15;   -0,01;    0,11;    0,38;    0,50
    4332,500;    0,14;    0,52;    0,40;    2,03;   -0,15;    0,00;    0,06;    0,41;    0,50
    4332,750;    0,12;    0,72;    0,40;    2,04;   -0,15;   -0,06;    0,11;    0,42;    0,51
    4333,000;    0,16;    0,70;    0,40;    2,03;   -0,16;   -0,15;    0,06;    0,43;    0,48
    4333,250;    0,14;    0,54;    0,40;    2,03;   -0,15;   -0,16;    0,11;    0,42;    0,46
    4333,500;    0,14;    0,74;    0,40;    2,04;   -0,15;   -0,18;    0,06;    0,42;    0,40
    4333,750;    0,14;    0,79;    0,35;    2,03;   -0,15;   -0,31;    0,09;    0,40;    0,35
    4334,000;    0,14;    0,83;    0,25;    2,13;   -0,15;   -0,42;    0,05;    0,39;    0,27
    4334,250;    0,33;    0,90;    0,26;    2,22;   -0,15;   -0,30;    0,07;    0,35;    0,20
    4334,500;    0,32;    1,04;    0,21;    2,43;   -0,15;   -0,22;    0,04;    0,32;    0,10
    4334,750;    0,35;    1,06;    0,21;    2,57;   -0,15;   -0,28;    0,03;    0,27;    0,01
    4335,000;    0,52;    1,15;    0,21;    2,77;   -0,15;   -0,15;    0,02;    0,23;   -0,09
    4335,250;    0,51;    1,42;    0,25;    3,11;   -0,15;   -0,02;   -0,01;    0,18;   -0,19
    4335,500;    0,54;    1,78;    0,45;    3,20;   -0,15;    0,03;    0,00;    0,13;   -0,27
    4335,750;    0,53;    1,63;    0,50;    3,20;   -0,15;    0,02;   -0,04;    0,09;   -0,36
    4336,000;    0,52;    1,37;    0,54;    3,10;   -0,15;    0,08;   -0,02;    0,04;   -0,42
    4336,250;    0,44;    1,37;    0,64;    3,11;   -0,15;    0,14;   -0,07;    0,00;   -0,49
    4336,500;    0,35;    1,17;    0,69;    3,10;   -0,15;    0,16;   -0,03;   -0,04;   -0,52
    4336,750;    0,31;    0,84;    0,69;    3,11;   -0,15;    0,22;   -0,08;   -0,06;   -0,57
    4337,000;    0,32;    0,73;    0,69;    3,10;   -0,15;    0,34;   -0,03;   -0,09;   -0,57
    4337,250;    0,35;    0,84;    0,69;    3,10;   -0,15;    0,27;   -0,07;   -0,09;   -0,59
    4337,500;    0,33;    0,81;    0,69;    3,01;   -0,16;    0,14;   -0,02;   -0,12;   -0,57
    4337,750;    0,13;    0,66;    0,64;    3,01;   -0,15;    0,14;   -0,05;   -0,11;   -0,56
    4338,000;    0,12;    0,68;    0,55;    2,96;   -0,15;    0,06;   -0,01;   -0,12;   -0,52
    4338,250;    0,12;    0,75;    0,54;    2,86;   -0,16;   -0,02;   -0,03;   -0,11;   -0,50
    4338,500;    0,15;    0,77;    0,54;    2,86;   -0,15;   -0,06;   -0,01;   -0,13;   -0,45
    4338,750;    0,13;    0,82;    0,50;    2,86;   -0,15;   -0,01;   -0,01;   -0,11;   -0,42
    4339,000;    0,14;    0,94;    0,50;    2,86;   -0,15;    0,04;   -0,01;   -0,14;   -0,37
    4339,250;    0,13;    0,93;    0,50;    2,86;   -0,15;    0,08;    0,00;   -0,14;   -0,34
    4339,500;    0,14;    0,99;    0,60;    2,86;   -0,15;    0,08;   -0,02;   -0,18;   -0,31
    4339,750;    0,14;    0,90;    0,60;    2,86;   -0,15;    0,16;    0,00;   -0,19;   -0,27
    4340,000;    0,14;    0,92;    0,65;    2,86;   -0,15;    0,19;   -0,04;   -0,25;   -0,26
    4340,250;    0,12;    0,86;    0,70;    2,87;   -0,15;    0,19;   -0,01;   -0,28;   -0,24
    4340,500;    0,14;    0,69;    0,79;    2,86;   -0,15;    0,23;   -0,06;   -0,35;   -0,24
    4340,750;    0,16;    0,41;    0,84;    2,86;   -0,15;    0,24;   -0,03;   -0,39;   -0,24
    4341,000;    0,15;    0,43;    0,99;    2,86;   -0,15;    0,30;   -0,07;   -0,46;   -0,26
    4341,250;    0,16;    0,27;    1,04;    2,86;   -0,15;    0,19;   -0,05;   -0,51;   -0,27
    4341,500;    0,12;    0,21;    1,08;    2,86;   -0,15;    0,27;   -0,08;   -0,56;   -0,30
    4341,750;    0,13;    0,26;    1,13;    2,86;   -0,15;    0,30;   -0,06;   -0,60;   -0,32
    4342,000;    0,15;    0,26;    1,08;    2,86;   -0,15;    0,15;   -0,07;   -0,64;   -0,36
    4342,250;    0,12;    0,22;    1,08;    2,86;   -0,15;   -0,01;   -0,06;   -0,66;   -0,39
    4342,500;    0,15;    0,09;    1,09;    2,86;   -0,15;    0,11;   -0,05;   -0,66;   -0,43
    4342,750;    0,33;    0,32;    0,99;    2,86;   -0,15;    0,07;   -0,06;   -0,65;   -0,47
    4343,000;    0,33;    0,10;    0,87;    2,86;   -0,15;   -0,08;   -0,03;   -0,61;   -0,50
    4343,250;    0,35;   -0,03;    0,69;    2,86;   -0,15;    0,02;   -0,04;   -0,57;   -0,53
    4343,500;    0,11;    0,24;    0,55;    2,86;   -0,15;    0,06;    0,00;   -0,49;   -0,55
    4343,750;    0,13;    0,45;    0,50;    2,86;   -0,15;   -0,01;   -0,02;   -0,42;   -0,57
    4344,000;    0,13;    0,10;    0,45;    2,86;   -0,15;   -0,12;    0,03;   -0,33;   -0,58
    4344,250;    0,15;    0,08;    0,36;    2,86;   -0,15;   -0,01;    0,00;   -0,24;   -0,59
    4344,500;    0,14;    0,44;    0,26;    2,86;   -0,16;   -0,07;    0,04;   -0,13;   -0,58
    4344,750;    0,15;    0,20;    0,21;    2,86;   -0,15;   -0,18;    0,01;   -0,05;   -0,57
    4345,000;    0,12;    0,10;    0,16;    2,86;   -0,15;   -0,13;    0,03;    0,05;   -0,55
    4345,250;    0,14;    0,26;    0,06;    2,86;   -0,15;   -0,04;    0,00;    0,13;   -0,53
    4345,500;    0,15;    0,46;   -0,09;    2,86;   -0,15;   -0,12;    0,01;    0,21;   -0,49
    4345,750;    0,15;    0,35;   -0,23;    2,86;   -0,15;   -0,12;   -0,02;    0,26;   -0,46
    4346,000;    0,12;    0,31;   -0,23;    2,86;   -0,15;    0,12;   -0,03;    0,31;   -0,41
    4346,250;    0,14;    0,49;   -0,28;    2,77;   -0,15;    0,10;   -0,05;    0,32;   -0,37
    4346,500;    0,16;    0,64;   -0,33;    2,62;   -0,15;    0,03;   -0,08;    0,34;   -0,32
    4346,750;    0,15;    0,57;   -0,38;    2,42;   -0,15;    0,10;   -0,08;    0,33;   -0,27
    4347,000;    0,14;    0,45;   -0,33;    2,13;   -0,15;    0,24;   -0,12;    0,33;   -0,22
    4347,250;    0,15;    0,44;   -0,33;    1,98;   -0,15;    0,18;   -0,10;    0,30;   -0,17
    4347,500;    0,14;    0,09;   -0,38;    1,79;   -0,15;    0,13;   -0,15;    0,28;   -0,13
    4347,750;    0,13;   -0,09;   -0,42;    1,65;   -0,15;    0,27;   -0,12;    0,25;   -0,08
    4348,000;    0,14;    0,00;   -0,43;    1,45;   -0,15;    0,41;   -0,16;    0,23;   -0,04
    4348,250;    0,13;   -0,05;   -0,47;    1,25;   -0,15;    0,40;   -0,12;    0,20;    0,01
    4348,500;    0,15;   -0,28;   -0,52;    1,20;   -0,15;    0,43;   -0,16;    0,20;    0,05
    4348,750;    0,13;   -0,20;   -0,62;    1,11;   -0,15;    0,51;   -0,12;    0,19;    0,10
    4349,000;    0,15;   -0,09;   -0,67;    0,91;   -0,15;    0,40;   -0,14;    0,21;    0,15
    4349,250;    0,13;   -0,33;   -0,67;    0,81;   -0,15;    0,34;   -0,10;    0,23;    0,20
    4349,500;    0,14;   -0,59;   -0,72;    0,67;   -0,15;    0,36;   -0,10;    0,27;    0,26
    4349,750;    0,15;   -0,64;   -0,72;    0,47;   -0,15;    0,34;   -0,08;    0,30;    0,32
    4350,000;    0,16;   -0,83;   -0,72;    0,38;   -0,15;    0,24;   -0,06;    0,36;    0,39
    4350,250;    0,13;   -1,10;   -0,77;    0,28;   -0,15;    0,23;   -0,05;    0,41;    0,46
    4350,500;    0,14;   -1,12;   -0,82;    0,23;   -0,15;    0,28;   -0,03;    0,47;    0,54
    4350,750;    0,14;   -1,11;   -0,86;    0,23;   -0,15;    0,18;   -0,03;    0,51;    0,62
    4351,000;    0,13;   -1,06;   -0,91;    0,23;   -0,15;    0,10;    0,00;    0,56;    0,71
    4351,250;    0,14;   -1,07;   -1,06;    0,23;   -0,15;    0,08;   -0,02;    0,58;    0,80
    4351,500;    0,14;   -1,01;   -1,11;    0,23;   -0,15;    0,11;    0,02;    0,60;    0,89
    4351,750;    0,15;   -0,88;   -1,16;    0,23;   -0,15;    0,09;   -0,02;    0,61;    0,98
    4352,000;    0,15;   -0,92;   -1,16;    0,23;   -0,15;    0,25;    0,03;    0,60;    1,06
    4352,250;    0,15;   -0,88;   -1,21;    0,23;   -0,15;    0,57;   -0,02;    0,57;    1,13
    4352,500;    0,14;   -0,88;   -1,10;    0,23;   -0,15;    0,79;    0,02;    0,52;    1,19
    4352,750;    0,12;   -0,88;   -0,77;    0,23;   -0,15;    0,64;   -0,03;    0,47;    1,24
    4353,000;   -0,05;   -1,16;   -0,48;    0,23;   -0,15;    0,52;    0,00;    0,40;    1,27
    4353,250;   -0,06;   -1,36;   -0,07;    0,23;   -0,15;    0,50;   -0,04;    0,33;    1,28
    4353,500;   -0,06;   -1,86;    0,35;    0,23;   -0,15;    0,26;   -0,03;    0,24;    1,27
    4353,750;   -0,06;   -2,82;    0,59;    0,23;   -0,15;    0,19;   -0,06;    0,16;    1,24
    4354,000;   -0,08;   -3,42;    0,84;    0,23;   -0,15;    0,19;   -0,06;    0,07;    1,19
    4354,250;   -0,07;   -2,98;    0,84;    0,38;   -0,15;    0,16;   -0,09;    0,01;    1,12
    4354,500;   -0,07;   -2,58;    0,79;    0,71;   -0,15;   -0,08;   -0,11;   -0,08;    1,03
    4354,750;   -0,07;   -2,38;    0,69;    1,01;   -0,15;   -0,17;   -0,12;   -0,12;    0,92
    4355,000;   -0,06;   -1,69;    0,64;    1,30;   -0,15;   -0,35;   -0,15;   -0,18;    0,81
    4355,250;   -0,08;   -1,45;    0,64;    1,45;   -0,15;   -0,73;   -0,15;   -0,20;    0,68
    4355,500;   -0,25;   -1,45;    0,64;    1,64;   -0,15;   -1,02;   -0,19;   -0,23;    0,55
    4355,750;   -0,27;   -1,34;    0,55;    1,84;   -0,15;   -0,93;   -0,18;   -0,22;    0,42
    4356,000;   -0,25;   -0,94;    0,55;    2,03;   -0,15;   -0,76;   -0,23;   -0,24;    0,30
    4356,250;   -0,25;   -0,84;    0,49;    2,23;   -0,15;   -0,78;   -0,21;   -0,21;    0,18
    4356,500;   -0,24;   -0,81;    0,50;    2,32;   -0,15;   -0,55;   -0,26;   -0,21;    0,07
    4356,750;   -0,25;   -0,63;    0,45;    2,42;   -0,15;   -0,41;   -0,23;   -0,17;   -0,03
    4357,000;   -0,25;   -0,36;    0,50;    2,42;   -0,15;   -0,34;   -0,27;   -0,17;   -0,11
    4357,250;   -0,27;   -0,20;    0,50;    2,42;   -0,15;   -0,30;   -0,23;   -0,13;   -0,18
    4357,500;   -0,25;   -0,29;    0,50;    2,42;   -0,15;   -0,14;   -0,27;   -0,13;   -0,23
    4357,750;   -0,24;   -0,04;    0,45;    2,32;   -0,15;   -0,09;   -0,22;   -0,10;   -0,27
    4358,000;   -0,23;   -0,03;    0,40;    2,27;   -0,15;   -0,10;   -0,24;   -0,11;   -0,29
    4358,250;   -0,23;   -0,21;    0,40;    2,28;   -0,15;   -0,02;   -0,21;   -0,11;   -0,30
    4358,500;   -0,25;   -0,42;    0,36;    2,28;   -0,15;    0,08;   -0,21;   -0,13;   -0,31
    4358,750;   -0,21;   -0,43;    0,20;    2,23;   -0,15;    0,11;   -0,18;   -0,14;   -0,30
    4359,000;   -0,24;   -0,52;    0,11;    2,23;   -0,15;   -0,01;   -0,17;   -0,18;   -0,30
    4359,250;   -0,23;   -0,58;    0,06;    2,23;   -0,15;    0,05;   -0,14;   -0,20;   -0,29
    4359,500;   -0,24;   -0,52;    0,01;    2,23;   -0,15;    0,03;   -0,13;   -0,24;   -0,29
    4359,750;   -0,21;   -0,58;    0,01;    2,23;   -0,15;   -0,03;   -0,12;   -0,27;   -0,29
    4360,000;   -0,22;   -0,61;    0,06;    2,23;   -0,15;   -0,16;   -0,09;   -0,30;   -0,30
    4360,250;   -0,25;   -0,53;    0,10;    2,23;   -0,15;   -0,19;   -0,10;   -0,33;   -0,32
    4360,500;   -0,26;   -0,25;    0,16;    2,22;   -0,15;   -0,23;   -0,08;   -0,35;   -0,34
    4360,750;   -0,24;   -0,18;    0,21;    2,22;   -0,15;   -0,31;   -0,08;   -0,37;   -0,38
    4361,000;   -0,07;   -0,12;    0,21;    2,23;   -0,15;   -0,31;   -0,07;   -0,36;   -0,41
    4361,250;   -0,06;   -0,11;    0,21;    2,23;   -0,15;   -0,33;   -0,08;   -0,36;   -0,46
    4361,500;   -0,06;    0,05;    0,15;    2,23;   -0,15;   -0,33;   -0,07;   -0,33;   -0,50
    4361,750;   -0,06;    0,13;    0,01;    2,22;   -0,15;   -0,30;   -0,06;   -0,32;   -0,55
    4362,000;   -0,07;    0,17;   -0,03;    2,23;   -0,15;   -0,17;   -0,05;   -0,26;   -0,58
    4362,250;   -0,04;    0,36;   -0,04;    2,28;   -0,15;   -0,13;   -0,03;   -0,23;   -0,62
    4362,500;   -0,06;    0,43;   -0,04;    2,32;   -0,15;   -0,09;   -0,02;   -0,16;   -0,63
    4362,750;   -0,08;    0,42;   -0,04;    2,42;   -0,15;   -0,09;    0,03;   -0,13;   -0,66
    4363,000;   -0,07;    0,37;   -0,08;    2,42;   -0,16;   -0,04;    0,06;   -0,06;   -0,65
    4363,250;    0,14;    0,38;   -0,04;    2,47;   -0,15;    0,02;    0,14;   -0,02;   -0,64
    4363,500;    0,13;    0,26;    0,06;    2,47;   -0,15;    0,03;    0,18;    0,04;   -0,61
    4363,750;    0,12;    0,20;    0,16;    2,47;   -0,15;    0,11;    0,28;    0,06;   -0,58
    4364,000;    0,11;    0,16;    0,16;    2,47;   -0,15;    0,14;    0,35;    0,11;   -0,53
    4364,250;    0,12;    0,16;    0,16;    2,47;   -0,15;    0,14;    0,47;    0,11;   -0,47
    4364,500;    0,13;    0,17;    0,11;    2,47;   -0,15;    0,10;    0,55;    0,13;   -0,41
    4364,750;    0,11;    0,08;    0,11;    2,42;   -0,15;    0,12;    0,67;    0,11;   -0,34
    4365,000;    0,12;    0,09;    0,11;    2,42;   -0,15;    0,04;    0,76;    0,10;   -0,28
    4365,250;    0,12;    0,02;    0,01;    2,33;   -0,15;    0,04;    0,86;    0,06;   -0,21
    4365,500;    0,14;    0,00;    0,01;    2,33;   -0,15;    0,09;    0,96;    0,03;   -0,16
    4365,750;    0,09;    0,01;    0,02;    2,32;   -0,15;    0,09;    1,02;   -0,03;   -0,11
    4366,000;    0,12;    0,07;    0,01;    2,32;   -0,15;    0,08;    1,12;   -0,08;   -0,08
    4366,250;    0,14;    0,01;    0,01;    2,32;   -0,15;    0,03;    1,12;   -0,15;   -0,05
    4366,500;   -0,06;    0,15;    0,06;    2,33;   -0,15;    0,06;    1,21;   -0,21;   -0,05
    4366,750;   -0,06;    0,08;    0,16;    2,32;   -0,15;    0,02;    1,15;   -0,27;   -0,04
    4367,000;   -0,25;   -0,11;    0,16;    2,32;   -0,15;    0,02;    1,21;   -0,32;   -0,06
    4367,250;   -0,24;   -0,12;    0,16;    2,33;   -0,15;    0,01;    1,10;   -0,37;   -0,08
    4367,500;   -0,24;   -0,08;    0,16;    2,32;   -0,15;    0,02;    1,13;   -0,41;   -0,12
    4367,750;    0,65;   -0,02;    0,21;    2,33;   -0,15;   -0,05;    0,98;   -0,44;   -0,15
    4368,000;    0,62;   -0,10;    0,21;    2,32;   -0,15;   -0,11;    0,98;   -0,45;   -0,19
    4368,250;    0,62;   -0,05;    0,11;    2,32;   -0,15;   -0,15;    0,80;   -0,45;   -0,23
    4368,500;    0,64;   -0,07;    0,02;    2,32;   -0,15;   -0,28;    0,78;   -0,45;   -0,27
    4368,750;    0,65;   -0,02;   -0,04;    2,32;   -0,15;   -0,35;    0,60;   -0,43;   -0,29
    4369,000;    0,82;    0,02;   -0,23;    2,32;   -0,15;   -0,38;    0,55;   -0,40;   -0,31
    4369,250;    0,84;    0,17;   -0,42;    2,33;   -0,15;   -0,36;    0,40;   -0,36;   -0,32
    4369,500;    0,80;    0,48;   -0,53;    2,33;   -0,15;   -0,42;    0,33;   -0,33;   -0,32
    4369,750;    1,01;    0,54;   -0,62;    2,32;   -0,15;   -0,39;    0,22;   -0,28;   -0,31
    4370,000;    1,01;    0,74;   -0,76;    2,32;   -0,15;   -0,33;    0,13;   -0,25;   -0,29
    4370,250;    1,01;    0,94;   -0,82;    2,28;   -0,15;   -0,25;    0,07;   -0,20;   -0,26
    4370,500;    1,03;    1,05;   -0,81;    2,23;   -0,15;   -0,21;   -0,02;   -0,18;   -0,22
    4370,750;    1,23;    1,06;   -0,82;    2,23;   -0,15;   -0,13;   -0,03;   -0,15;   -0,18
    4371,000;    1,20;    1,17;   -0,91;    2,23;   -0,15;    0,20;   -0,13;   -0,15;   -0,12
    4371,250;    1,02;    1,12;   -0,91;    2,23;   -0,15;    0,39;   -0,10;   -0,14;   -0,08
    4371,500;    1,05;    0,93;   -0,91;    2,23;   -0,15;    0,45;   -0,20;   -0,16;   -0,03
    4371,750;    1,03;    0,74;   -0,87;    2,23;   -0,15;    0,47;   -0,15;   -0,16;    0,01
    4372,000;    1,01;    0,64;   -0,47;    2,23;   -0,15;    0,58;   -0,25;   -0,20;    0,06
    4372,250;    1,02;    0,55;   -0,18;    2,23;   -0,15;    0,59;   -0,20;   -0,21;    0,09
    4372,500;    1,04;   -0,12;    0,06;    2,23;   -0,15;    0,60;   -0,30;   -0,27;    0,12
    4372,750;    1,02;   -0,62;    0,15;    2,22;   -0,15;    0,56;   -0,27;   -0,28;    0,14
    4373,000;    1,00;   -0,60;    0,21;    2,23;   -0,15;    0,48;   -0,36;   -0,33;    0,15
    4373,250;    1,02;   -0,46;    0,25;    2,23;   -0,15;    0,40;   -0,36;   -0,32;    0,16
    4373,500;    1,02;   -0,68;    0,40;    2,23;   -0,15;    0,38;   -0,45;   -0,36;    0,16
    4373,750;    1,03;   -0,71;    0,40;    2,23;   -0,15;    0,45;   -0,49;   -0,33;    0,17
    4374,000;    1,02;   -0,63;    0,40;    2,23;   -0,15;    0,22;   -0,57;   -0,33;    0,17
    4374,250;    1,02;   -0,55;    0,40;    2,23;   -0,15;    0,04;   -0,64;   -0,27;    0,18
    4374,500;    1,23;   -0,50;    0,21;    2,23;   -0,15;    0,11;   -0,71;   -0,22;    0,19
    4374,750;    1,24;   -0,47;    0,16;    2,23;   -0,15;    0,21;   -0,80;   -0,14;    0,21
    4375,000;    1,22;   -0,51;    0,16;    2,23;   -0,15;    0,08;   -0,87;   -0,05;    0,23
    4375,250;    1,42;   -0,81;    0,16;    2,23;   -0,15;    0,07;   -0,98;    0,07;    0,27
    4375,500;    1,41;   -0,78;    0,16;    2,22;   -0,15;    0,13;   -1,04;    0,20;    0,30
    4375,750;    1,43;   -0,73;    0,11;    2,23;   -0,15;    0,14;   -1,13;    0,33;    0,36
    4376,000;    1,42;   -0,94;    0,06;    2,22;   -0,15;    0,15;   -1,20;    0,49;    0,41
    4376,250;    1,61;   -1,10;    0,02;    2,22;   -0,15;    0,14;   -1,27;    0,62;    0,47
    4376,500;    1,62;   -0,92;   -0,03;    2,23;   -0,15;    0,10;   -1,33;    0,79;    0,54
    4376,750;    1,81;   -0,90;   -0,03;    2,23;   -0,15;   -0,02;   -1,37;    0,91;    0,60
    4377,000;    1,98;   -1,03;   -0,04;    2,23;   -0,15;   -0,05;   -1,43;    1,07;    0,67
    4377,250;    1,99;   -0,98;    0,02;    2,23;   -0,15;   -0,05;   -1,42;    1,17;    0,71
    4377,500;    2,01;   -0,96;    0,06;    2,23;   -0,15;   -0,14;   -1,49;    1,30;    0,78
    4377,750;    2,02;   -0,88;    0,11;    2,23;   -0,15;   -0,21;   -1,43;    1,37;    0,80
    4378,000;    2,00;   -0,83;    0,11;    2,23;   -0,15;   -0,18;   -1,49;    1,47;    0,84
    4378,250;    1,99;   -0,73;    0,20;    2,23;   -0,15;   -0,15;   -1,39;    1,50;    0,84
    4378,500;    1,99;   -0,63;    0,21;    2,23;   -0,15;   -0,22;   -1,42;    1,56;    0,85
    4378,750;    1,98;   -0,57;    0,36;    2,27;   -0,15;   -0,24;   -1,29;    1,56;    0,82
    4379,000;    1,99;   -0,53;    0,40;    2,37;   -0,15;   -0,24;   -1,28;    1,58;    0,80
    4379,250;    1,97;   -0,48;    0,50;    2,57;   -0,15;   -0,18;   -1,12;    1,55;    0,74
    4379,500;    1,98;   -0,38;    0,60;    2,71;   -0,15;   -0,17;   -1,07;    1,53;    0,70
    4379,750;    1,98;   -0,47;    0,64;    2,96;   -0,15;   -0,10;   -0,90;    1,47;    0,63
    4380,000;    1,78;   -0,38;    0,89;    3,11;   -0,15;    0,00;   -0,80;    1,43;    0,57
    4380,250;    1,80;   -0,27;    0,99;    3,30;   -0,15;    0,04;   -0,63;    1,35;    0,50
    4380,500;    1,79;   -0,23;    1,08;    3,40;   -0,15;    0,06;   -0,46;    1,28;    0,43
    4380,750;    1,59;   -0,33;    1,23;    3,40;   -0,15;    0,13;   -0,31;    1,19;    0,37
    4381,000;    1,61;   -0,31;    1,28;    3,40;   -0,14;    0,24;   -0,10;    1,10;    0,31
    4381,250;    1,58;   -0,43;    1,28;    3,40;   -0,15;    0,24;    0,02;    1,00;    0,27
    4381,500;    1,38;   -0,64;    1,32;    3,40;   -0,15;    0,36;    0,27;    0,89;    0,22
    4381,750;    1,43;   -0,70;    1,43;    3,40;   -0,15;    0,43;    0,35;    0,78;    0,22
    4382,000;    1,21;   -0,72;    1,57;    3,40;   -0,15;    0,47;    0,60;    0,66;    0,18
    4382,250;    1,00;   -0,88;    1,91;    3,40;   -0,10;    0,45;    0,63;    0,54;    0,21
    4382,500;   -0,42;   -1,11;    2,16;    3,40;   -0,10;    0,52;    0,86;    0,40;    0,19
    4382,750;   -0,24;   -1,20;    2,30;    3,35;   -0,10;    0,54;    0,84;    0,26;    0,23
    4383,000;    0,11;   -1,47;    2,59;    3,35;   -0,10;    0,46;    1,02;    0,12;    0,23
    4383,250;    0,59;   -1,57;    2,70;    3,35;   -0,15;    0,46;    0,95;   -0,02;    0,27
    4383,500;    0,90;   -1,63;    2,69;    3,35;   -0,15;    0,47;    1,07;   -0,17;    0,27
    4383,750;    1,09;   -1,68;    2,84;    3,30;   -0,15;    0,45;    0,96;   -0,32;    0,30
    4384,000;    1,28;   -1,85;    2,89;    3,30;   -0,15;    0,39;    0,99;   -0,46;    0,30
    4384,250;    1,68;   -2,04;    2,99;    3,30;   -0,15;    0,47;    0,86;   -0,60;    0,31
    4384,500;    1,68;   -2,03;    2,99;    3,30;   -0,15;    0,41;    0,82;   -0,73;    0,28
    4384,750;    1,85;   -2,08;    3,08;    3,30;   -0,15;    0,35;    0,69;   -0,86;    0,25
    4385,000;    2,19;   -2,12;    3,23;    3,30;   -0,15;    0,29;    0,58;   -0,97;    0,21
    4385,250;    2,45;   -2,22;    3,43;    3,35;   -0,15;    0,29;    0,46;   -1,07;    0,13
    4385,500;    2,64;   -2,27;    3,48;    3,40;   -0,15;    0,20;    0,32;   -1,16;    0,06
    4385,750;    2,66;   -2,60;    3,53;    3,50;   -0,15;    0,04;    0,23;   -1,23;   -0,06
    4386,000;    2,83;   -2,70;    3,62;    3,59;   -0,10;    0,02;    0,07;   -1,29;   -0,16
    4386,250;    3,20;   -2,62;    3,67;    3,84;   -0,11;   -0,05;    0,01;   -1,34;   -0,31
    4386,500;    3,21;   -2,50;    3,67;    3,98;   -0,10;   -0,14;   -0,14;   -1,38;   -0,43
    4386,750;    3,24;   -2,54;    3,62;    4,23;   -0,10;   -0,28;   -0,16;   -1,40;   -0,60
    4387,000;    3,41;   -2,47;    3,47;    4,28;   -0,10;   -0,28;   -0,28;   -1,42;   -0,73
    4387,250;    3,63;   -2,15;    3,28;    4,38;   -0,10;   -0,41;   -0,26;   -1,42;   -0,90
    4387,500;    3,61;   -2,07;    3,19;    4,47;   -0,10;   -0,45;   -0,34;   -1,44;   -1,04
    4387,750;    3,58;   -1,94;    3,04;    4,52;   -0,10;   -0,36;   -0,30;   -1,43;   -1,18
    4388,000;    3,57;   -1,69;    2,85;    4,67;   -0,10;   -0,34;   -0,34;   -1,46;   -1,31
    4388,250;    3,59;   -1,37;    2,80;    4,72;   -0,10;   -0,21;   -0,30;   -1,44;   -1,43
    4388,500;    3,60;   -1,44;    2,80;    4,72;   -0,10;   -0,10;   -0,29;   -1,47;   -1,53
    4388,750;    3,80;   -1,38;    2,80;    4,72;   -0,10;   -0,07;   -0,26;   -1,46;   -1,61
    4389,000;    3,79;   -1,36;    2,79;    4,72;   -0,10;   -0,11;   -0,22;   -1,50;   -1,68
    4389,250;    4,02;   -1,55;    2,80;    4,72;   -0,10;   -0,06;   -0,20;   -1,48;   -1,71
    4389,500;    3,97;   -1,49;    2,99;    4,67;   -0,10;    0,00;   -0,15;   -1,52;   -1,74
    4389,750;    4,19;   -1,92;    2,80;    4,67;   -0,10;    0,10;   -0,15;   -1,50;   -1,73
    4390,000;    4,18;   -2,17;    2,70;    4,67;   -0,10;    0,06;   -0,09;   -1,53;   -1,72
    4390,250;    4,21;   -1,96;    2,70;    4,67;   -0,10;    0,04;   -0,10;   -1,50;   -1,67
    4390,500;    4,19;   -1,76;    2,63;    4,67;   -0,10;    0,05;   -0,05;   -1,50;   -1,62
    4390,750;    4,20;   -1,77;    2,41;    4,43;   -0,10;   -0,09;   -0,05;   -1,45;   -1,54
    4391,000;    4,20;   -1,70;    2,26;    4,05;   -0,10;   -0,10;    0,00;   -1,41;   -1,45
    4391,250;    4,20;   -1,66;    2,12;    3,75;   -0,15;   -0,23;    0,02;   -1,33;   -1,36
    4391,500;    4,00;   -1,61;    1,72;    3,55;   -0,15;   -0,30;    0,06;   -1,24;   -1,24
    4391,750;    4,00;   -1,49;    1,33;    3,16;   -0,15;   -0,27;    0,12;   -1,14;   -1,13
    4392,000;    3,79;   -1,52;    0,99;    2,77;   -0,15;   -0,25;    0,16;   -0,99;   -0,99
    4392,250;    3,79;   -1,26;    0,66;    2,57;   -0,15;   -0,25;    0,26;   -0,85;   -0,88
    4392,500;    3,76;   -1,20;    0,26;    2,21;   -0,15;   -0,19;    0,32;   -0,65;   -0,72
    4392,750;    3,80;   -1,23;   -0,03;    1,89;   -0,15;   -0,21;    0,47;   -0,49;   -0,62
    4393,000;    3,59;   -1,26;   -0,33;    1,60;   -0,15;   -0,22;    0,54;   -0,25;   -0,46
    4393,250;    3,60;   -1,13;   -0,67;    1,26;   -0,15;   -0,12;    0,74;   -0,08;   -0,35
    4393,500;    3,59;   -1,00;   -1,06;    0,86;   -0,15;   -0,13;    0,84;    0,18;   -0,20
    4393,750;    3,61;   -1,03;   -1,30;    0,67;   -0,15;   -0,10;    1,08;    0,36;   -0,09
    4394,000;    3,61;   -1,12;   -1,54;    0,43;   -0,15;   -0,12;    1,20;    0,62;    0,06
    4394,250;    3,42;   -1,04;   -1,70;    0,12;   -0,15;   -0,08;    1,46;    0,78;    0,16
    4394,500;    3,43;   -0,96;   -2,03;   -0,06;   -0,15;   -0,06;    1,60;    1,02;    0,30
    4394,750;    3,44;   -1,13;   -2,18;   -0,21;   -0,15;   -0,04;    1,87;    1,16;    0,40
    4395,000;    3,23;   -1,15;   -2,47;   -0,40;   -0,15;    0,05;    2,03;    1,35;    0,52
    4395,250;    3,22;   -0,95;   -2,60;   -0,50;   -0,15;    0,11;    2,27;    1,45;    0,63
    4395,500;    3,22;   -0,83;   -2,67;   -0,60;   -0,15;    0,10;    2,44;    1,57;    0,74
    4395,750;    3,21;   -0,98;   -2,67;   -0,75;   -0,15;    0,08;    2,64;    1,63;    0,85
    4396,000;    3,22;   -1,07;   -2,62;   -0,79;   -0,15;    0,14;    2,80;    1,68;    0,94
    4396,250;    3,22;   -1,00;   -2,61;   -0,79;   -0,15;    0,11;    2,93;    1,69;    1,04
    4396,500;    3,23;   -1,15;   -2,62;   -0,84;   -0,15;    0,11;    3,08;    1,67;    1,10
    4396,750;    3,40;   -1,36;   -2,61;   -1,13;   -0,15;    0,16;    3,14;    1,62;    1,19
    4397,000;    3,43;   -1,43;   -2,57;   -1,23;   -0,15;    0,21;    3,24;    1,52;    1,22
    4397,250;    3,61;   -1,28;   -2,47;   -1,23;   -0,10;    0,16;    3,21;    1,43;    1,28
    4397,500;    4,00;   -1,38;   -2,32;   -1,23;   -0,10;    0,13;    3,26;    1,27;    1,27
    4397,750;    4,38;   -1,46;   -2,08;   -1,23;   -0,10;    0,20;    3,13;    1,13;    1,29
    4398,000;    4,95;   -1,48;   -1,74;   -1,23;   -0,10;    0,13;    3,11;    0,92;    1,24
    4398,250;    5,67;   -1,43;   -1,45;   -1,23;   -0,10;    0,09;    2,90;    0,75;    1,21
    4398,500;    6,10;   -1,45;   -1,10;   -1,23;   -0,10;    0,06;    2,79;    0,52;    1,11
    4398,750;    6,71;   -1,48;   -0,79;   -1,23;   -0,10;    0,11;    2,49;    0,33;    1,04
    4399,000;    7,28;   -1,46;   -0,52;   -1,04;   -0,10;    0,08;    2,29;    0,10;    0,90
    4399,250;    8,43;   -1,61;   -0,42;   -0,79;   -0,10;    0,06;    1,93;   -0,08;    0,78
    4399,500;    9,01;   -1,56;   -0,27;   -0,55;   -0,10;    0,10;    1,64;   -0,29;    0,62
    4399,750;    9,57;   -1,62;   -0,03;   -0,35;   -0,10;    0,16;    1,24;   -0,46;    0,47
    4400,000;   10,19;   -1,61;    0,17;   -0,16;   -0,10;    0,17;    0,88;   -0,62;    0,30
    4400,250;   10,66;   -1,62;    0,26;    0,03;   -0,10;    0,13;    0,46;   -0,75;    0,14
    4400,500;   11,33;   -1,62;    0,51;    0,28;   -0,10;    0,15;    0,06;   -0,85;   -0,02
    4400,750;   11,92;   -1,65;    0,60;    0,43;   -0,10;    0,04;   -0,35;   -0,92;   -0,16
    4401,000;   12,10;   -1,78;    0,60;    0,53;   -0,10;    0,01;   -0,78;   -0,95;   -0,29
    4401,250;   12,88;   -1,90;    0,60;    0,53;   -0,10;   -0,03;   -1,15;   -0,95;   -0,38
    4401,500;   13,45;   -1,95;    0,39;    0,58;   -0,10;    0,00;   -1,56;   -0,92;   -0,46
    4401,750;   13,83;   -1,88;    0,41;    0,58;   -0,10;   -0,02;   -1,89;   -0,85;   -0,49
    4402,000;   14,22;   -1,92;    0,27;    0,58;   -0,10;   -0,03;   -2,26;   -0,76;   -0,51
    4402,250;   14,59;   -1,74;    0,03;    0,53;   -0,10;   -0,04;   -2,52;   -0,63;   -0,48
    4402,500;   15,00;   -1,60;   -0,17;    0,48;   -0,10;   -0,09;   -2,84;   -0,50;   -0,44
    4402,750;   15,55;   -1,54;   -0,32;    0,48;   -0,10;   -0,13;   -3,05;   -0,33;   -0,35
    4403,000;   15,78;   -1,60;   -0,61;    0,49;   -0,10;   -0,15;   -3,30;   -0,18;   -0,26
    4403,250;   16,15;   -1,56;   -0,80;    0,49;   -0,10;   -0,09;   -3,46;    0,01;   -0,14
    4403,500;   15,96;   -1,52;   -1,09;    0,39;   -0,10;   -0,15;   -3,65;    0,15;   -0,02
    4403,750;   15,97;   -1,52;   -1,44;    0,10;   -0,10;   -0,13;   -3,78;    0,35;    0,12
    4404,000;   15,96;   -1,53;   -1,78;   -0,14;   -0,10;   -0,13;   -3,92;    0,46;    0,23
    4404,250;   15,74;   -1,51;   -2,07;   -0,44;   -0,10;   -0,16;   -4,04;    0,63;    0,36
    4404,500;   15,54;   -1,49;   -2,41;   -0,58;   -0,10;   -0,28;   -4,14;    0,70;    0,45
    4404,750;   15,57;   -1,61;   -2,75;   -0,83;   -0,10;   -0,28;   -4,25;    0,83;    0,53
    4405,000;   15,38;   -1,47;   -2,90;   -0,93;   -0,10;   -0,22;   -4,33;    0,87;    0,59
    4405,250;   15,17;   -1,36;   -3,00;   -0,98;   -0,10;   -0,25;   -4,43;    0,95;    0,62
    4405,500;   15,00;   -1,22;   -3,09;   -0,97;   -0,10;   -0,24;   -4,50;    0,95;    0,63
    4405,750;   14,80;   -1,06;   -3,20;   -0,98;   -0,10;   -0,26;   -4,59;    1,00;    0,60
    4406,000;   14,61;   -0,77;   -3,24;   -0,98;   -0,10;   -0,36;   -4,63;    0,98;    0,58
    4406,250;   14,23;   -0,73;   -3,09;   -0,97;   -0,10;   -0,60;   -4,69;    0,99;    0,51
    4406,500;   13,26;   -0,85;   -3,00;   -0,97;   -0,10;   -0,60;   -4,71;    0,98;    0,47
    4406,750;   13,25;   -0,78;   -2,80;   -0,73;   -0,10;   -0,55;   -4,71;    0,98;    0,38
    4407,000;   13,07;   -0,79;   -2,46;   -0,14;   -0,10;   -0,54;   -4,69;    0,99;    0,34
    4407,250;   12,87;   -0,74;   -2,02;    0,39;   -0,10;   -0,56;   -4,61;    1,00;    0,25
    4407,500;   12,67;   -0,42;   -1,92;    0,54;   -0,10;   -0,50;   -4,52;    1,05;    0,24
    4407,750;   12,07;    0,20;   -1,67;    0,78;   -0,10;   -0,50;   -4,34;    1,06;    0,19
    4408,000;   11,90;    0,33;   -1,59;    0,78;   -0,10;   -0,62;   -4,18;    1,15;    0,22
    4408,250;   11,35;    0,30;   -1,59;    0,73;   -0,10;   -0,62;   -3,89;    1,18;    0,20
    4408,500;   10,55;    0,40;   -1,73;    0,72;   -0,10;   -0,56;   -3,66;    1,31;    0,28
    4408,750;    9,98;    0,62;   -1,77;    0,73;   -0,10;   -0,49;   -3,27;    1,35;    0,30
    4409,000;    9,40;    0,71;   -1,93;    0,73;   -0,10;   -0,40;   -2,96;    1,48;    0,41
    4409,250;    9,01;    0,77;   -1,93;    0,72;   -0,15;   -0,13;   -2,49;    1,51;    0,47
    4409,500;    8,26;    1,02;   -1,98;    0,73;   -0,15;   -0,09;   -2,12;    1,63;    0,59
    4409,750;    7,48;    1,09;   -1,93;    0,73;   -0,15;   -0,09;   -1,61;    1,64;    0,66
    4410,000;    6,51;    0,89;   -1,88;    0,72;   -0,15;   -0,07;   -1,20;    1,71;    0,77
    4410,250;    5,74;    0,73;   -1,69;    0,72;   -0,15;    0,06;   -0,69;    1,67;    0,82
    4410,500;    4,96;    0,78;   -1,54;    0,72;   -0,15;    0,09;   -0,26;    1,66;    0,88
    4410,750;    4,38;    0,61;   -1,25;    0,72;   -0,15;    0,03;    0,22;    1,56;    0,89
    4411,000;    3,80;    0,59;   -1,01;    0,72;   -0,15;    0,21;    0,65;    1,47;    0,88
    4411,250;    3,04;    0,57;   -0,67;    0,72;   -0,15;    0,37;    1,06;    1,30;    0,84
    4411,500;    2,32;    0,60;   -0,43;    0,76;   -0,15;    0,27;    1,48;    1,12;    0,76
    4411,750;    2,08;    0,44;   -0,03;    1,10;   -0,15;    0,15;    1,81;    0,89;    0,67
    4412,000;    1,32;    0,44;    0,25;    1,30;   -0,15;    0,23;    2,20;    0,63;    0,53
    4412,250;    0,32;    0,68;    0,69;    1,74;   -0,15;    0,24;    2,45;    0,35;    0,39
    4412,500;   -0,05;    0,39;    1,23;    2,28;   -0,15;    0,28;    2,82;    0,04;    0,21
    4412,750;   -0,24;   -0,01;    1,69;    2,57;   -0,15;    0,32;    3,00;   -0,26;    0,06
    4413,000;   -0,45;    0,07;    2,11;    2,91;   -0,15;    0,41;    3,33;   -0,58;   -0,13
    4413,250;    1,21;    0,27;    2,57;    3,15;   -0,15;    0,43;    3,47;   -0,88;   -0,28
    4413,500;    1,40;    0,09;    2,79;    3,45;   -0,16;    0,50;    3,77;   -1,17;   -0,45
    4413,750;    1,62;   -0,12;    3,09;    3,59;   -0,15;    0,68;    3,87;   -1,44;   -0,56
    4414,000;    1,61;   -0,26;    3,57;    3,74;   -0,15;    0,61;    4,13;   -1,67;   -0,69
    4414,250;    1,61;   -0,39;    3,96;    3,79;   -0,15;    0,49;    4,21;   -1,88;   -0,75
    4414,500;    1,61;   -0,63;    4,16;    3,79;   -0,15;    0,54;    4,41;   -2,03;   -0,82
    4414,750;    1,61;   -0,86;    4,36;    3,64;   -0,15;    0,73;    4,48;   -2,16;   -0,82
    4415,000;    1,40;   -1,06;    4,35;    3,64;   -0,15;    0,69;    4,62;   -2,22;   -0,83
    4415,250;    1,41;   -1,36;    4,35;    3,64;   -0,15;    0,62;    4,66;   -2,28;   -0,78
    4415,500;    0,63;   -1,43;    4,16;    3,64;   -0,15;    0,64;    4,73;   -2,26;   -0,76
    4415,750;   -0,06;   -1,48;    4,01;    3,64;   -0,15;    0,68;    4,74;   -2,24;   -0,68
    4416,000;    0,53;   -1,56;    3,87;    3,65;   -0,10;    0,61;    4,71;   -2,15;   -0,64
    4416,250;    1,49;   -1,92;    3,92;    3,64;   -0,10;    0,45;    4,68;   -2,07;   -0,55; passo de nivel
    4416,500;    2,06;   -1,97;    3,67;    3,64;   -0,10;    0,36;    4,55;   -1,94;   -0,51
    4416,750;    2,65;   -1,98;    3,57;    3,55;   -0,10;    0,16;    4,47;   -1,81;   -0,43
    4417,000;    3,01;   -2,19;    3,47;    3,50;   -0,10;    0,04;    4,25;   -1,67;   -0,41
    4417,250;    3,98;   -2,44;    3,13;    3,40;   -0,10;   -0,05;    4,11;   -1,51;   -0,37
    4417,500;    5,18;   -2,46;    2,88;    3,35;   -0,10;   -0,14;    3,83;   -1,37;   -0,38
    4417,750;    5,70;   -2,22;    2,62;    3,35;   -0,10;   -0,32;    3,65;   -1,22;   -0,36
    4418,000;    6,32;   -2,13;    2,35;    3,35;   -0,10;   -0,38;    3,33;   -1,10;   -0,40
    4418,250;    7,24;   -1,85;    2,11;    3,35;   -0,10;   -0,36;    3,12;   -0,95;   -0,41
    4418,500;    8,04;   -1,55;    1,92;    3,35;   -0,10;   -0,43;    2,81;   -0,86;   -0,46
    4418,750;    8,41;   -1,33;    1,82;    3,35;   -0,10;   -0,48;    2,59;   -0,72;   -0,48
    4419,000;    8,81;   -1,15;    1,72;    3,35;   -0,10;   -0,50;    2,31;   -0,67;   -0,53
    4419,250;    9,39;   -0,96;    1,67;    3,35;   -0,10;   -0,42;    2,10;   -0,54;   -0,55
    4419,500;    9,77;   -0,82;    1,72;    3,35;   -0,10;   -0,41;    1,88;   -0,52;   -0,58
    4419,750;   10,16;   -0,91;    1,77;    3,35;   -0,10;   -0,28;    1,71;   -0,41;   -0,59
    4420,000;   10,55;   -0,89;    1,77;    3,36;   -0,10;   -0,12;    1,55;   -0,41;   -0,59
    4420,250;   10,93;   -0,99;    1,77;    3,36;   -0,10;    0,01;    1,42;   -0,32;   -0,58
    4420,500;   11,12;   -0,96;    1,82;    3,36;   -0,15;    0,05;    1,33;   -0,32;   -0,55
    4420,750;   11,53;   -0,96;    1,58;    3,36;   -0,15;    0,15;    1,22;   -0,25;   -0,51
    4421,000;   12,11;   -0,90;    1,49;    3,36;   -0,15;    0,25;    1,18;   -0,25;   -0,46
    4421,250;   12,66;   -1,02;    1,34;    3,36;   -0,15;    0,18;    1,09;   -0,19;   -0,42
    4421,500;   13,25;   -1,20;    1,35;    3,36;   -0,20;    0,12;    1,05;   -0,19;   -0,36
    4421,750;   13,65;   -1,37;    1,30;    3,37;   -0,20;    0,10;    0,96;   -0,15;   -0,33
    4422,000;   14,02;   -1,31;    1,25;    3,17;   -0,20;    0,17;    0,89;   -0,14;   -0,28
    4422,250;   14,79;   -1,40;    1,25;    3,13;   -0,20;    0,14;    0,77;   -0,11;   -0,27
    4422,500;   15,23;   -1,58;    1,25;    3,09;   -0,20;    0,19;    0,64;   -0,09;   -0,24
    4422,750;   15,77;   -1,45;    1,26;    3,08;   -0,20;    0,19;    0,48;   -0,07;   -0,26
    4423,000;   16,14;   -1,26;    1,25;    2,99;   -0,20;    0,14;    0,27;   -0,05;   -0,26
    4423,250;   16,54;   -1,29;    1,26;    2,98;   -0,20;    0,08;    0,05;   -0,04;   -0,31
    4423,500;   17,11;   -1,46;    1,25;    2,98;   -0,15;    0,01;   -0,25;   -0,01;   -0,34
    4423,750;   17,68;   -1,38;    1,30;    2,98;   -0,10;   -0,21;   -0,53;    0,00;   -0,41
    4424,000;   18,07;   -1,47;    1,30;    2,98;   -0,10;   -0,43;   -0,90;    0,04;   -0,45
    4424,250;   18,69;   -1,60;    1,24;    2,97;   -0,10;   -0,57;   -1,22;    0,05;   -0,52
    4424,500;   19,23;   -1,63;    1,39;    2,97;   -0,10;   -0,68;   -1,63;    0,10;   -0,56
    4424,750;   19,66;   -1,62;    1,49;    2,97;   -0,10;   -0,59;   -1,97;    0,12;   -0,61
    4425,000;   20,20;   -1,33;    1,58;    3,36;   -0,10;   -0,49;   -2,38;    0,18;   -0,62
    4425,250;   20,67;   -0,76;    1,73;    3,89;   -0,10;   -0,27;   -2,71;    0,21;   -0,64
    4425,500;   21,38;   -0,28;    1,68;    4,00;   -0,10;   -0,20;   -3,08;    0,29;   -0,60
    4425,750;   21,75;    0,25;    1,59;    4,00;   -0,10;   -0,22;   -3,37;    0,33;   -0,58
    4426,000;   22,13;    0,79;    1,34;    3,95;   -0,10;   -0,12;   -3,66;    0,41;   -0,49
    4426,250;   22,71;    0,47;    1,05;    3,90;   -0,10;   -0,02;   -3,88;    0,46;   -0,42
    4426,500;   22,88;    0,02;    0,91;    3,36;   -0,10;    0,17;   -4,06;    0,55;   -0,29
    4426,750;   22,92;   -0,58;    0,81;    2,88;   -0,10;    0,36;   -4,20;    0,59;   -0,17
    4427,000;   23,09;   -0,87;    0,67;    2,34;   -0,10;    0,56;   -4,25;    0,67;   -0,02
    4427,250;   23,30;   -0,95;    0,62;    1,86;   -0,15;    0,79;   -4,29;    0,71;    0,12
    4427,500;   23,32;   -1,27;    0,52;    1,57;   -0,15;    0,95;   -4,22;    0,77;    0,28
    4427,750;   23,29;   -1,56;    0,38;    1,18;   -0,15;    0,82;   -4,18;    0,79;    0,42
    4428,000;   23,30;   -1,84;    0,23;    0,79;   -0,20;    0,67;   -4,00;    0,83;    0,56
    4428,250;   23,11;   -1,85;    0,13;    0,59;   -0,20;    0,42;   -3,88;    0,82;    0,67
    4428,500;   22,91;   -1,98;    0,08;    0,44;   -0,20;    0,25;   -3,62;    0,84;    0,77
    4428,750;   22,72;   -2,14;    0,03;    0,45;   -0,20;    0,24;   -3,45;    0,80;    0,84
    4429,000;   22,51;   -2,06;   -0,02;    0,44;   -0,20;    0,13;   -3,15;    0,79;    0,89
    4429,250;   22,34;   -2,01;   -0,06;    0,44;   -0,20;   -0,01;   -2,95;    0,73;    0,92
    4429,500;   21,77;   -1,98;   -0,21;    0,45;   -0,20;   -0,20;   -2,65;    0,70;    0,91
    4429,750;   21,56;   -1,85;   -0,31;    0,45;   -0,20;   -0,23;   -2,44;    0,62;    0,89
    4430,000;   20,97;   -1,63;   -0,35;    0,45;   -0,20;   -0,34;   -2,17;    0,59;    0,84
    4430,250;   19,83;   -1,66;   -0,31;    0,44;   -0,15;   -0,45;   -1,98;    0,52;    0,79
    4430,500;   19,43;   -1,65;   -0,32;    0,44;   -0,15;   -0,44;   -1,76;    0,48;    0,70
    4430,750;   19,24;   -1,52;   -0,28;    0,43;   -0,15;   -0,40;   -1,59;    0,42;    0,64
    4431,000;   19,23;   -1,25;   -0,18;    0,43;   -0,10;   -0,47;   -1,44;    0,40;    0,55
    4431,250;   19,21;   -1,16;   -0,02;    0,43;   -0,10;   -0,42;   -1,29;    0,37;    0,49
    4431,500;   19,24;   -0,95;   -0,03;    0,43;   -0,10;   -0,27;   -1,20;    0,36;    0,40
    4431,750;   19,24;   -0,77;    0,01;    0,43;   -0,10;   -0,31;   -1,08;    0,36;    0,36
    4432,000;   19,22;   -0,73;    0,02;    0,43;   -0,10;   -0,32;   -1,04;    0,37;    0,29
    4432,250;   19,24;   -0,80;   -0,17;    0,44;   -0,10;   -0,29;   -0,94;    0,40;    0,28
    4432,500;   19,24;   -0,56;   -0,22;    0,44;   -0,10;   -0,19;   -0,91;    0,41;    0,24
    4432,750;   19,26;   -0,60;   -0,36;    0,44;   -0,10;   -0,23;   -0,82;    0,45;    0,25
    4433,000;   19,45;   -0,82;   -0,60;    0,44;   -0,10;   -0,26;   -0,80;    0,47;    0,24
    4433,250;   19,45;   -0,74;   -0,70;    0,44;   -0,10;   -0,23;   -0,70;    0,50;    0,27
    4433,500;   19,44;   -0,70;   -0,75;    0,45;   -0,10;   -0,14;   -0,66;    0,50;    0,27
    4433,750;   19,41;   -0,66;   -0,79;    0,45;   -0,10;   -0,19;   -0,54;    0,51;    0,31
    4434,000;   19,43;   -0,66;   -0,69;    0,45;   -0,10;   -0,12;   -0,46;    0,48;    0,32
    4434,250;   19,42;   -0,46;   -0,50;    0,45;   -0,10;   -0,04;   -0,33;    0,46;    0,35
    4434,500;   19,43;   -0,17;   -0,35;    0,45;   -0,10;   -0,09;   -0,21;    0,40;    0,36
    4434,750;   19,42;   -0,08;   -0,25;    0,45;   -0,10;   -0,05;   -0,06;    0,34;    0,38
    4435,000;   19,47;   -0,31;   -0,16;    0,45;   -0,10;    0,01;    0,09;    0,24;    0,37
    4435,250;   19,42;   -0,23;   -0,02;    0,44;   -0,10;    0,09;    0,25;    0,16;    0,37
    4435,500;   19,41;   -0,19;    0,03;    0,45;   -0,10;    0,02;    0,42;    0,04;    0,35
    4435,750;   19,44;   -0,47;    0,08;    0,45;   -0,10;    0,11;    0,57;   -0,05;    0,33
    4436,000;   19,43;   -0,55;    0,18;    0,44;   -0,10;    0,21;    0,75;   -0,18;    0,30
    4436,250;   19,43;   -0,60;    0,37;    0,44;   -0,11;    0,21;    0,89;   -0,26;    0,27
    4436,500;   19,59;   -0,73;    0,56;    0,49;   -0,10;    0,06;    1,06;   -0,37;    0,24
    4436,750;   19,61;   -0,91;    0,71;    0,73;   -0,10;    0,06;    1,17;   -0,42;    0,20
    4437,000;   19,78;   -0,72;    0,80;    0,78;   -0,10;    0,12;    1,30;   -0,49;    0,18
    4437,250;   19,81;   -0,79;    0,85;    0,77;   -0,10;   -0,02;    1,40;   -0,50;    0,15
    4437,500;   19,81;   -0,79;    0,90;    0,87;   -0,10;   -0,09;    1,49;   -0,52;    0,14
    4437,750;   20,02;   -0,70;    0,84;    0,92;   -0,10;   -0,06;    1,55;   -0,48;    0,13
    4438,000;   20,01;   -0,49;    0,85;    0,92;   -0,10;   -0,01;    1,60;   -0,45;    0,14
    4438,250;   20,01;   -0,41;    0,80;    0,92;   -0,10;   -0,09;    1,65;   -0,36;    0,14
    4438,500;   20,02;   -0,54;    0,65;    0,87;   -0,10;   -0,04;    1,66;   -0,29;    0,17
    4438,750;   20,01;   -0,40;    0,51;    0,87;   -0,10;   -0,04;    1,70;   -0,18;    0,19
    4439,000;   20,01;   -0,27;    0,46;    0,84;   -0,10;   -0,07;    1,68;   -0,09;    0,22
    4439,250;   20,01;   -0,42;    0,36;    0,82;   -0,10;   -0,13;    1,72;    0,02;    0,25
    4439,500;   20,22;   -0,71;    0,26;    0,82;   -0,10;   -0,13;    1,70;    0,11;    0,27
    4439,750;   20,21;   -0,64;    0,16;    0,81;   -0,10;   -0,14;    1,73;    0,19;    0,29
    4440,000;   20,21;   -0,61;    0,06;    0,81;   -0,10;   -0,26;    1,71;    0,25;    0,30
    4440,250;   20,20;   -0,67;   -0,03;    0,82;   -0,10;   -0,20;    1,75;    0,28;    0,30
    4440,500;   20,21;   -0,58;   -0,23;    0,81;   -0,10;   -0,10;    1,74;    0,29;    0,28
    4440,750;   20,20;   -0,30;   -0,33;    0,82;   -0,10;   -0,13;    1,78;    0,25;    0,25
    4441,000;   20,20;   -0,10;   -0,42;    0,82;   -0,10;   -0,20;    1,78;    0,21;    0,20
    4441,250;   20,23;    0,00;   -0,52;    0,82;   -0,10;   -0,03;    1,80;    0,11;    0,13
    4441,500;   20,39;    0,24;   -0,52;    0,83;   -0,10;    0,06;    1,81;    0,03;    0,05
    4441,750;   20,41;    0,19;   -0,51;    0,82;   -0,10;    0,06;    1,80;   -0,12;   -0,05
    4442,000;   20,41;    0,03;   -0,37;    0,82;   -0,10;    0,22;    1,81;   -0,23;   -0,15
    4442,250;   20,38;   -0,03;   -0,03;    0,82;   -0,10;    0,43;    1,77;   -0,40;   -0,26
    4442,500;   20,40;   -0,12;    0,28;    0,82;   -0,10;    0,47;    1,76;   -0,52;   -0,37
    4442,750;   20,41;   -0,56;    0,81;    0,97;   -0,10;    0,42;    1,67;   -0,68;   -0,49
    4443,000;   20,59;   -0,78;    1,39;    1,55;   -0,10;    0,43;    1,64;   -0,77;   -0,60
    4443,250;   20,77;   -0,86;    2,27;    2,24;   -0,10;    0,31;    1,52;   -0,89;   -0,70
    4443,500;   20,79;   -1,23;    2,90;    2,58;   -0,10;    0,25;    1,45;   -0,94;   -0,77
    4443,750;   20,76;   -1,58;    2,89;    2,77;   -0,10;    0,25;    1,30;   -1,01;   -0,84
    4444,000;   20,78;   -1,50;    2,41;    2,77;   -0,10;    0,27;    1,20;   -1,01;   -0,89
    4444,250;   21,39;   -1,26;    1,94;    2,77;   -0,10;    0,17;    1,03;   -1,02;   -0,91
    4444,500;   21,53;   -1,07;    1,43;    2,77;   -0,10;    0,11;    0,91;   -0,98;   -0,91
    4444,750;   21,55;   -0,72;    1,03;    2,58;   -0,10;    0,13;    0,74;   -0,94;   -0,89
    4445,000;   21,55;   -0,72;    0,62;    2,19;   -0,10;    0,09;    0,61;   -0,87;   -0,86
    4445,250;   21,55;   -0,77;    0,27;    1,89;   -0,10;   -0,02;    0,45;   -0,79;   -0,80
    4445,500;   21,56;   -0,93;   -0,03;    1,64;   -0,10;   -0,06;    0,32;   -0,71;   -0,74
    4445,750;   21,55;   -1,08;   -0,23;    1,34;   -0,10;    0,00;    0,19;   -0,62;   -0,66
    4446,000;   21,55;   -1,10;   -0,33;    1,01;   -0,10;    0,10;    0,07;   -0,55;   -0,59
    4446,250;   21,57;   -1,25;   -0,32;    0,86;   -0,10;    0,18;   -0,02;   -0,47;   -0,50
    4446,500;   21,57;   -1,49;   -0,09;    0,86;   -0,10;    0,14;   -0,13;   -0,43;   -0,43
    4446,750;   21,55;   -1,52;    0,06;    0,87;   -0,10;    0,16;   -0,19;   -0,37;   -0,36
    4447,000;   21,55;   -1,32;    0,16;    0,86;   -0,10;    0,06;   -0,28;   -0,35;   -0,32
    4447,250;   21,55;   -1,27;    0,25;    0,86;   -0,10;   -0,03;   -0,30;   -0,32;   -0,27
    4447,500;   21,54;   -1,35;    0,35;    0,86;   -0,10;   -0,02;   -0,38;   -0,31;   -0,26
    4447,750;   21,53;   -1,26;    0,36;    0,86;   -0,10;   -0,07;   -0,38;   -0,30;   -0,24
    4448,000;   21,56;   -1,14;    0,26;    0,87;   -0,10;   -0,25;   -0,45;   -0,30;   -0,26
    4448,250;   21,54;   -1,25;    0,17;    0,87;   -0,10;   -0,38;   -0,45;   -0,29;   -0,27
    4448,500;   21,56;   -1,11;   -0,27;    0,87;   -0,10;   -0,25;   -0,50;   -0,27;   -0,31
    4448,750;   21,56;   -0,98;   -0,60;    0,88;   -0,10;   -0,26;   -0,50;   -0,24;   -0,34
    4449,000;   21,56;   -1,03;   -0,50;    0,93;   -0,10;   -0,40;   -0,55;   -0,20;   -0,38
    4449,250;   21,53;   -1,04;   -0,36;    1,13;   -0,10;   -0,31;   -0,56;   -0,15;   -0,42
    4449,500;   21,55;   -0,74;   -0,35;    1,17;   -0,10;   -0,12;   -0,60;   -0,07;   -0,44
    4449,750;   21,54;   -0,39;   -0,37;    1,22;   -0,10;   -0,22;   -0,62;    0,02;   -0,47
    4450,000;   21,57;   -0,58;   -0,37;    1,22;   -0,10;   -0,27;   -0,65;    0,11;   -0,46
    4450,250;   21,54;   -0,48;   -0,42;    1,16;   -0,10;   -0,12;   -0,66;    0,22;   -0,46
    4450,500;   21,56;   -0,15;   -0,41;    1,16;   -0,10;   -0,04;   -0,68;    0,32;   -0,42
    4450,750;   21,56;   -0,33;   -0,41;    1,17;   -0,10;   -0,08;   -0,69;    0,44;   -0,39
    4451,000;   21,57;   -0,76;   -0,51;    1,17;   -0,10;   -0,01;   -0,69;    0,52;   -0,32
    4451,250;   21,56;   -0,58;   -0,70;    1,17;   -0,10;    0,18;   -0,68;    0,62;   -0,26
    4451,500;   21,57;   -0,31;   -0,80;    0,98;   -0,10;    0,15;   -0,66;    0,65;   -0,16
    4451,750;   21,58;   -0,61;   -0,80;    0,79;   -0,10;    0,18;   -0,64;    0,71;   -0,09
    4452,000;   21,37;   -0,91;   -0,70;    0,69;   -0,10;    0,33;   -0,61;    0,69;    0,02
    4452,250;   21,34;   -0,79;   -0,61;    0,69;   -0,10;    0,39;   -0,56;    0,69;    0,09
    4452,500;   21,36;   -0,72;   -0,40;    0,68;   -0,10;    0,26;   -0,52;    0,61;    0,19
    4452,750;   21,38;   -0,94;   -0,21;    0,69;   -0,10;    0,32;   -0,47;    0,55;    0,25
    4453,000;   21,36;   -1,04;   -0,02;    0,69;   -0,10;    0,40;   -0,43;    0,43;    0,32
    4453,250;   21,38;   -1,02;    0,08;    0,68;   -0,10;    0,30;   -0,38;    0,33;    0,35
    4453,500;   21,56;   -1,13;    0,23;    0,68;   -0,10;    0,19;   -0,34;    0,19;    0,39
    4453,750;   21,56;   -1,51;    0,27;    0,68;   -0,10;    0,22;   -0,31;    0,07;    0,39
    4454,000;   21,56;   -1,55;    0,37;    0,68;   -0,10;    0,27;   -0,29;   -0,04;    0,39
    4454,250;   21,56;   -1,55;    0,46;    0,68;   -0,10;    0,15;   -0,29;   -0,14;    0,39
    4454,500;   21,55;   -1,52;    0,51;    0,68;   -0,10;    0,08;   -0,28;   -0,19;    0,37
    4454,750;   21,76;   -1,51;    0,51;    0,68;   -0,10;    0,13;   -0,32;   -0,23;    0,35
    4455,000;   22,12;   -1,47;    0,45;    0,67;   -0,10;    0,07;   -0,33;   -0,20;    0,33
    4455,250;   22,32;   -1,45;    0,51;    0,68;   -0,10;   -0,18;   -0,40;   -0,18;    0,33
    4455,500;   22,52;   -1,53;    0,41;    0,67;   -0,11;   -0,21;   -0,43;   -0,05;    0,33
    4455,750;   22,89;   -1,39;    0,21;    0,66;   -0,10;   -0,20;   -0,53;    0,06;    0,36
    4456,000;   23,10;   -1,27;    0,06;    0,67;   -0,10;   -0,20;   -0,56;    0,27;    0,40
    4456,250;   23,30;   -1,42;   -0,02;    0,68;   -0,10;   -0,18;   -0,67;    0,44;    0,47
    4456,500;   23,30;   -1,33;   -0,22;    0,68;   -0,10;   -0,14;   -0,69;    0,70;    0,55
    4456,750;   23,48;   -0,97;   -0,37;    0,67;   -0,10;   -0,12;   -0,80;    0,91;    0,66
    4457,000;   23,47;   -0,92;   -0,61;    0,68;   -0,10;   -0,15;   -0,81;    1,18;    0,77
    4457,250;   23,47;   -0,95;   -0,80;    0,68;   -0,10;   -0,14;   -0,89;    1,38;    0,91
    4457,500;   23,49;   -0,91;   -1,00;    0,68;   -0,10;   -0,13;   -0,88;    1,62;    1,04
    4457,750;   23,49;   -0,97;   -1,10;    0,58;   -0,10;   -0,15;   -0,92;    1,77;    1,18
    4458,000;   23,69;   -1,06;   -1,29;    0,48;   -0,10;   -0,14;   -0,88;    1,93;    1,30
    4458,250;   23,67;   -1,10;   -1,43;    0,29;   -0,10;   -0,01;   -0,88;    2,00;    1,40
    4458,500;   23,66;   -1,08;   -1,48;    0,10;   -0,10;    0,01;   -0,81;    2,05;    1,48
    4458,750;   23,67;   -0,98;   -1,53;    0,06;   -0,10;   -0,02;   -0,76;    2,03;    1,53
    4459,000;   23,67;   -0,89;   -1,53;    0,00;   -0,10;    0,02;   -0,68;    1,96;    1,55
    4459,250;   23,50;   -0,96;   -1,48;    0,00;   -0,10;    0,05;   -0,59;    1,85;    1,53
    4459,500;   23,49;   -0,90;   -1,28;    0,01;   -0,10;   -0,04;   -0,50;    1,68;    1,47
    4459,750;   23,50;   -0,93;   -1,09;    0,01;   -0,10;   -0,15;   -0,40;    1,49;    1,37
    4460,000;   23,49;   -0,96;   -0,69;    0,01;   -0,10;   -0,17;   -0,31;    1,24;    1,23
    4460,250;   23,30;   -0,90;   -0,21;    0,15;   -0,10;   -0,19;   -0,21;    1,01;    1,06
    4460,500;   23,30;   -0,97;    0,28;    0,79;   -0,10;   -0,31;   -0,14;    0,74;    0,86
    4460,750;   23,29;   -1,11;    0,92;    1,42;   -0,10;   -0,42;   -0,05;    0,50;    0,66
    4461,000;   23,33;   -0,93;    1,74;    2,20;   -0,10;   -0,42;   -0,01;    0,24;    0,43
    4461,250;   23,10;   -0,64;    2,47;    3,08;   -0,10;   -0,44;    0,06;    0,03;    0,22
    4461,500;   23,11;   -0,55;    3,15;    3,58;   -0,10;   -0,45;    0,07;   -0,19;   -0,01
    4461,750;   23,10;   -0,39;    3,30;    3,90;   -0,10;   -0,36;    0,11;   -0,34;   -0,19
    4462,000;   23,10;    0,04;    3,30;    4,24;   -0,10;   -0,31;    0,09;   -0,49;   -0,39
    4462,250;   23,10;    0,31;    3,14;    4,10;   -0,10;   -0,33;    0,10;   -0,59;   -0,52
    4462,500;   23,10;    0,36;    2,90;    4,10;   -0,10;   -0,27;    0,06;   -0,67;   -0,66
    4462,750;   23,09;    0,40;    2,71;    4,05;   -0,10;   -0,12;    0,06;   -0,71;   -0,73
    4463,000;   23,10;    0,39;    2,56;    3,66;   -0,10;   -0,05;    0,01;   -0,75;   -0,80
    4463,250;   23,10;    0,17;    2,46;    3,22;   -0,10;    0,00;    0,00;   -0,75;   -0,81
    4463,500;   23,10;   -0,04;    2,32;    3,17;   -0,10;    0,08;   -0,05;   -0,76;   -0,82
    4463,750;   23,09;   -0,12;    2,17;    3,17;   -0,10;    0,29;   -0,05;   -0,75;   -0,79
    4464,000;   23,11;   -0,11;    2,32;    3,17;   -0,10;    0,33;   -0,08;   -0,77;   -0,76
    4464,250;   22,91;   -0,27;    2,56;    3,17;   -0,10;    0,25;   -0,06;   -0,77;   -0,71
    4464,500;   22,91;   -0,39;    2,66;    3,17;   -0,10;    0,27;   -0,07;   -0,82;   -0,66
    4464,750;   22,88;   -0,38;    2,80;    3,17;   -0,10;    0,25;   -0,02;   -0,84;   -0,63
    4465,000;   22,92;   -0,21;    3,06;    3,17;   -0,10;    0,23;   -0,01;   -0,94;   -0,58
    4465,250;   22,71;   -0,57;    3,20;    3,17;   -0,10;    0,19;    0,07;   -1,01;   -0,58
    4465,500;   22,71;   -0,62;    3,29;    3,17;   -0,10;    0,20;    0,10;   -1,15;   -0,57
    4465,750;   22,73;   -0,35;    3,29;    3,17;   -0,10;    0,10;    0,20;   -1,25;   -0,61
    4466,000;   22,52;   -0,42;    3,54;    3,17;   -0,10;    0,09;    0,23;   -1,43;   -0,63
    4466,250;   21,55;   -0,58;    3,53;    3,22;   -0,10;    0,14;    0,35;   -1,55;   -0,71
    4466,500;   21,16;   -0,72;    3,44;    3,21;   -0,10;    0,15;    0,38;   -1,73;   -0,75
    4466,750;   21,15;   -0,69;    3,24;    3,31;   -0,10;    0,01;    0,49;   -1,85;   -0,85
    4467,000;   21,18;   -0,70;    3,28;    3,35;   -0,10;    0,01;    0,50;   -2,00;   -0,90
    4467,250;   20,98;   -0,58;    3,43;    3,35;   -0,10;    0,12;    0,60;   -2,09;   -1,00
    4467,500;   20,99;   -0,68;    3,43;    3,35;   -0,10;    0,06;    0,59;   -2,18;   -1,04
    4467,750;   20,98;   -0,79;    3,33;    3,36;   -0,10;   -0,05;    0,66;   -2,21;   -1,11
    4468,000;   21,00;   -0,65;    3,18;    3,31;   -0,11;   -0,20;    0,63;   -2,22;   -1,11
    4468,250;   20,98;   -0,60;    3,04;    3,31;   -0,10;   -0,10;    0,66;   -2,19;   -1,13
    4468,500;   20,98;   -0,65;    2,60;    3,31;   -0,10;   -0,14;    0,62;   -2,10;   -1,08
    4468,750;   20,96;   -0,72;    2,25;    3,30;   -0,10;   -0,16;    0,61;   -1,99;   -1,04
    4469,000;   20,97;   -0,60;    1,82;    3,01;   -0,10;   -0,14;    0,57;   -1,82;   -0,94
    4469,250;   20,98;   -0,42;    1,43;    2,71;   -0,10;   -0,13;    0,52;   -1,64;   -0,84
    4469,500;   21,17;   -0,14;    0,99;    2,50;   -0,10;   -0,23;    0,48;   -1,39;   -0,70
    4469,750;   21,19;   -0,38;    0,70;    2,14;   -0,10;   -0,37;    0,41;   -1,17;   -0,55
    4470,000;   21,17;   -0,28;    0,46;    1,89;   -0,10;   -0,34;    0,38;   -0,86;   -0,40
    4470,250;   21,17;   -0,09;    0,22;    1,79;   -0,10;   -0,51;    0,29;   -0,61;   -0,23
    4470,500;   21,18;   -0,27;    0,02;    1,60;   -0,10;   -0,66;    0,28;   -0,29;   -0,08
    4470,750;   21,18;   -0,39;   -0,22;    1,41;   -0,10;   -0,63;    0,19;   -0,05;    0,08
    4471,000;   21,17;    0,04;   -0,42;    1,29;   -0,10;   -0,56;    0,20;    0,26;    0,20
    4471,250;   21,17;    0,51;   -0,81;    1,21;   -0,10;   -0,82;    0,11;    0,48;    0,33
    4471,500;   21,17;    0,36;   -1,20;    1,11;   -0,10;   -0,81;    0,14;    0,74;    0,41
    4471,750;   21,15;    0,81;   -1,52;    1,11;   -0,10;   -0,66;    0,05;    0,92;    0,49
    4472,000;   21,16;    1,37;   -1,93;    1,12;   -0,10;   -0,72;    0,10;    1,12;    0,53
    4472,250;   21,37;    1,47;   -2,18;    1,11;   -0,10;   -0,82;    0,02;    1,24;    0,56
    4472,500;   21,38;    1,55;   -2,52;    1,11;   -0,10;   -0,63;    0,07;    1,37;    0,56
    4472,750;   21,37;    2,09;   -2,66;    1,11;   -0,10;   -0,32;    0,00;    1,44;    0,56
    4473,000;   21,37;    2,14;   -2,75;    1,12;   -0,10;   -0,42;    0,05;    1,51;    0,53
    4473,250;   21,36;    1,90;   -2,81;    1,11;   -0,10;   -0,36;   -0,02;    1,52;    0,51
    4473,500;   21,36;    1,90;   -2,80;    1,11;   -0,10;   -0,12;    0,02;    1,54;    0,48
    4473,750;   21,37;    2,07;   -2,52;    1,12;   -0,10;    0,02;   -0,04;    1,52;    0,45
    4474,000;   21,35;    1,92;   -2,37;    1,11;   -0,10;   -0,02;   -0,01;    1,50;    0,43
    4474,250;   21,39;    1,47;   -2,32;    1,11;   -0,10;    0,13;   -0,06;    1,46;    0,42
    4474,500;   21,35;    1,62;   -2,13;    1,11;   -0,10;    0,26;   -0,05;    1,43;    0,42
    4474,750;   21,36;    1,90;   -1,94;    1,11;   -0,10;    0,25;   -0,08;    1,38;    0,43
    4475,000;   21,38;    1,73;   -1,93;    1,11;   -0,10;    0,26;   -0,08;    1,34;    0,45
    4475,250;   21,37;    1,39;   -1,74;    1,11;   -0,10;    0,31;   -0,10;    1,28;    0,48
    4475,500;   21,37;    1,62;   -1,60;    1,11;   -0,10;    0,25;   -0,10;    1,25;    0,52
    4475,750;   21,18;    1,70;   -1,49;    1,11;   -0,10;    0,11;   -0,10;    1,19;    0,56
    4476,000;   21,17;    1,36;   -1,35;    1,11;   -0,10;    0,19;   -0,10;    1,16;    0,59
    4476,250;   21,17;    1,13;   -1,26;    1,11;   -0,10;    0,37;   -0,08;    1,10;    0,63
    4476,500;   21,15;    1,11;   -1,15;    1,11;   -0,10;    0,31;   -0,08;    1,06;    0,64
    4476,750;   21,18;    1,15;   -1,11;    1,11;   -0,10;    0,14;   -0,04;    1,00;    0,66
    4477,000;   21,17;    1,16;   -1,00;    1,12;   -0,10;    0,40;   -0,03;    0,94;    0,63
    4477,250;   21,19;    1,15;   -0,79;    1,12;   -0,10;    0,27;    0,02;    0,87;    0,61
    4477,500;   21,18;    1,05;   -0,70;    1,13;   -0,10;    0,16;    0,04;    0,78;    0,53
    4477,750;   20,98;    0,81;   -0,50;    1,13;   -0,10;    0,06;    0,09;    0,68;    0,47
    4478,000;   20,96;    0,79;   -0,40;    1,13;   -0,10;    0,15;    0,11;    0,56;    0,35
    4478,250;   20,94;    0,98;   -0,30;    1,14;   -0,10;    0,19;    0,16;    0,44;    0,25
    4478,500;   20,96;    0,43;   -0,16;    1,23;   -0,10;    0,20;    0,19;    0,27;    0,10
    4478,750;   20,96;    0,88;    0,09;    1,57;   -0,10;    0,22;    0,23;    0,13;   -0,03
    4479,000;   20,95;    0,89;    0,47;    1,87;   -0,10;    0,21;    0,26;   -0,07;   -0,19
    4479,250;   20,99;    0,96;    0,92;    2,16;   -0,10;    0,17;    0,29;   -0,21;   -0,33
    4479,500;   20,98;    0,66;    1,35;    2,44;   -0,10;    0,29;    0,31;   -0,41;   -0,48
    4479,750;   21,00;    0,59;    1,45;    2,55;   -0,10;    0,38;    0,35;   -0,52;   -0,60
    4480,000;   20,98;    0,56;    1,60;    2,55;   -0,10;    0,22;    0,37;   -0,69;   -0,70
    4480,250;   20,97;    0,48;    1,40;    2,44;   -0,10;    0,41;    0,41;   -0,75;   -0,79
    4480,500;   20,99;    0,42;    1,30;    2,44;   -0,10;    0,49;    0,43;   -0,86;   -0,83
    4480,750;   20,98;    0,29;    1,11;    2,45;   -0,10;    0,00;    0,47;   -0,86;   -0,86
    4481,000;   21,18;   -0,07;    0,91;    2,45;   -0,10;    0,00;    0,48;   -0,91;   -0,85
    4481,250;   21,16;   -0,16;    0,81;    2,24;   -0,10;    0,00;    0,53;   -0,86;   -0,83
    4481,500;   21,15;   -0,23;    0,66;    1,90;   -0,10;    0,00;    0,51;   -0,85;   -0,76
    4481,750;   21,20;   -0,35;    0,42;    1,71;   -0,10;    0,00;    0,56;   -0,76;   -0,71
    4482,000;   21,35;   -0,57;    0,13;    1,32;   -0,10;    0,00;    0,53;   -0,69;   -0,59
    4482,250;   21,38;    0,00;   -0,17;    1,02;   -0,10;    0,00;    0,57;   -0,56;   -0,51
    4482,500;   21,36;    0,00;   -0,36;    0,68;   -0,10;    0,00;    0,52;   -0,42;   -0,37
    4482,750;   21,55;    0,00;   -0,66;    0,44;   -0,10;    0,00;    0,55;   -0,25;   -0,26
    4483,000;   21,56;    0,00;   -0,81;    0,14;   -0,10;    0,00;    0,50;   -0,06;   -0,12
    4483,250;   21,75;    0,00;   -0,95;   -0,06;   -0,10;    0,00;    0,51;    0,13;   -0,01
    4483,500;   21,95;    0,00;   -1,14;   -0,19;   -0,10;    0,00;    0,44;    0,33;    0,11
    4483,750;   21,93;    0,00;   -1,30;   -0,40;   -0,10;    0,00;    0,42;    0,47;    0,20
    4484,000;   21,94;    0,00;   -1,58;   -0,39;   -0,10;    0,00;    0,32;    0,61;    0,28
    4484,250;   21,95;    0,00;   -1,53;   -0,44;   -0,10;    0,00;    0,26;    0,64;    0,33
    4484,500;   22,32;    0,00;   -1,59;   -0,44;   -0,10;    0,00;    0,13;    0,65;    0,35
    4484,750;   22,34;    0,00;   -1,59;   -0,45;   -0,10;    0,00;    0,01;    0,54;    0,35
    4485,000;   22,51;    0,00;   -1,64;   -0,44;   -0,10;    0,00;   -0,15;    0,41;    0,32
    4485,250;   22,75;    0,00;   -1,64;   -0,45;   -0,10;    0,00;   -0,30;    0,19;    0,28
    4485,500;   23,10;    0,00;   -1,59;   -0,45;   -0,11;    0,00;   -0,45;    0,00;    0,23
    4485,750;   23,12;    0,00;   -1,59;   -0,45;   -0,10;    0,00;   -0,59;   -0,22;    0,18
    4486,000;   23,11;    0,00;   -1,54;   -0,45;   -0,10;    0,00;   -0,69;   -0,36;    0,12
    4486,250;   23,11;    0,00;   -1,50;   -0,50;   -0,10;    0,00;   -0,78;   -0,48;    0,09
    4486,500;   23,11;    0,00;   -1,45;   -0,70;   -0,10;    0,00;   -0,80;   -0,50;    0,07
    4486,750;   23,10;    0,00;   -1,30;   -0,69;   -0,10;    0,00;   -0,83;   -0,48;    0,07
    4487,000;   23,11;    0,00;   -1,30;   -0,69;   -0,10;    0,00;   -0,78;   -0,38;    0,08
    4487,250;   23,10;    0,00;   -1,35;   -0,69;   -0,10;    0,00;    0,00;    0,00;    0,00
